id,category_id,published_at,channel_id,title,description
bP3dBGbqz0Y,1,UCE8aa83wFg-VE1zcaVCZdIA,2012-09-17T02:12:25Z
VEJTAUds0zU,1,UCx554p1Bu_Mp1q0H_bEtZ1Q,2020-09-09T18:52:38Z
htuMSQoOmYw,1,UCQ2QDEN5wRiSJQXMAXRmwHg,2012-02-09T18:35:30Z
KDaSo8q7F64,1,UCi8e0iOVk1fEOogdfu4YgfA,2017-07-20T19:17:34Z
oZBkNeIWjD8,1,UClYeambSCoMPA-w0hhx2cdg,2022-05-26T22:00:17Z
XCZm2-Qurw8,1,UCqA-SppbeUi5ou0isB27mgg,2018-08-01T08:18:27Z
rxmN2OSmKcM,1,UC1_e6dGlZLAGRjW2Zfq5QkA,2019-08-16T10:18:19Z
hEedlP_6tQg,1,UCxwitsUVNzwS5XBSC5UQV8Q,2021-10-29T13:00:31Z
iTU-P8b_UKo,1,UCLyYEq4ODlw3OD9qhGqwimw,2015-02-25T17:48:13Z
jGp1VIH3M8g,1,UCjmJDM5pRKbUlVIzDYYWb6g,2010-12-04T00:23:45Z
z0rYQ_-3e_8,1,UCdt9-J-dWSpQrKfXi6EsRXw,2021-04-24T14:13:26Z
1RT2ZbGciz4,1,UCLyYEq4ODlw3OD9qhGqwimw,2017-10-24T16:44:23Z
IIWmblMzaUg,1,UCkR0GY0ue02aMyM-oxwgg9g,2014-07-15T13:37:40Z
nuMl3QrRJAg,1,UC5i9ji_nljs6-mp0jz_hOHg,2019-03-18T13:36:03Z
vFc4DM6yHcM,1,UCLyYEq4ODlw3OD9qhGqwimw,2016-10-18T17:32:15Z
ezuusYsL7ik,1,UC_V8ZzLtzDS4NeCaRaRj93g,2019-11-18T03:36:30Z
AWQ9sGYnXPI,1,UCM-jlCRlsC59Pq5oXa61CzA,2017-02-20T17:00:01Z
K_TnUBY1VuI,1,UCzoFjzSkbrDD1GHsz2YNLig,2017-07-11T20:00:00Z
1boGsZI2ypQ,1,UCx-KWLTKlB83hDI6UKECtJQ,2022-07-12T13:00:00Z
46V5amTVHaI,1,UCdt9-J-dWSpQrKfXi6EsRXw,2021-10-02T20:52:50Z
1zxrpNbjwBc,1,UCQ2QDEN5wRiSJQXMAXRmwHg,2017-05-24T12:31:43Z
Lh9pgR3NOIg,1,UCzoFjzSkbrDD1GHsz2YNLig,2017-07-12T20:00:01Z
DaMqMVchHr8,1,UCL7N5wBrbp0J4vU46KWTWtQ,2020-12-18T09:30:01Z
KN2pzad2kuA,1,UC1_e6dGlZLAGRjW2Zfq5QkA,2019-03-14T14:47:09Z
_1sjgk7cdBQ,1,UC7sDT8jZ76VLV1u__krUutA,2018-07-10T14:00:03Z
DIk4SGG2dR0,1,UC6Raldd8iIExwu5BNS_hzvw,2019-08-09T12:00:02Z
9fgkMNX9Jn8,1,UC_i8X3p8oZNaik8X513Zn1Q,2012-03-01T16:01:53Z
qTGSwAMCXMI,1,UCeGvSi1Tb8OV78ue3_tux1A,2016-09-28T08:00:03Z
LC3UuYe3Ci0,1,UCz1GPotHecuLngiLuY739QQ,2021-11-07T14:00:18Z
ylNZ6I5JqcU,1,UCO-sJY43ksC5ir_Jf1YJDew,2016-05-07T08:00:02Z
TO9Xig-T8EM,1,UCJ9JIVGOL07BqXp0CoG83fw,2022-09-24T17:00:30Z
NJFgKXzL6Qs,1,UClSqgJRF0r7u8G3EQ-RcCZg,2016-06-13T08:35:06Z
f7UtpnAp-P0,1,UCx554p1Bu_Mp1q0H_bEtZ1Q,2021-06-29T15:00:15Z
6lG_15nS7KE,1,UCHjX8DEVy6ECIRpdGYzHBSA,2018-12-27T10:05:24Z
X8HJNmKDLec,1,UC_i8X3p8oZNaik8X513Zn1Q,2018-06-01T08:37:35Z
7GbsllcrzG4,1,UCHjX8DEVy6ECIRpdGYzHBSA,2018-10-01T08:56:03Z
DJa5C0_CqQI,1,UCmk7MP4NpebNMEAFLFDmdHQ,2016-08-29T07:27:00Z
RLW8Bpy-PHg,1,UC2I1RkNIDzTCAWB8M7BbAQw,2022-09-08T13:00:27Z
TZkG4w0dm7M,1,UCn1HGCb2s3YyyPhu2qz_0jw,2019-01-30T10:27:40Z
L3zZruvm8BA,1,UCz1GPotHecuLngiLuY739QQ,2020-02-20T21:30:00Z
43FmPK-cPVQ,1,UCz1GPotHecuLngiLuY739QQ,2019-01-17T00:08:58Z
P3Jb998ACQo,1,UCn1HGCb2s3YyyPhu2qz_0jw,2019-06-26T09:00:10Z
CNR63QkTp5Q,1,UCL7N5wBrbp0J4vU46KWTWtQ,2014-03-27T15:04:17Z
BuDU-A0qE4s,1,UClYeambSCoMPA-w0hhx2cdg,2022-01-25T13:45:08Z
295YRWoZFtg,1,UClYeambSCoMPA-w0hhx2cdg,2021-10-07T08:40:33Z
z4pICxjDCDM,1,UClYeambSCoMPA-w0hhx2cdg,2021-12-28T10:05:32Z
Mc6JOxc1WA0,1,UCakQLdwrxuo0KhJ49Sq2csA,2015-03-03T09:39:16Z
2cjvwTzhG8g,1,UC3gNmTGu-TTbFPpfSs5kNkg,2011-05-29T19:08:17Z
9dw6x7Su5q4,1,UCHjX8DEVy6ECIRpdGYzHBSA,2022-07-08T16:00:05Z
WC2iaHFDLbs,1,UCeGvSi1Tb8OV78ue3_tux1A,2016-02-08T11:19:58Z
ZCvdTXrXsBc,2,UCCj956IF62FbT7Gouszaj9w,2009-06-22T18:06:01Z
5YtVV1VJ4f8,2,UCCj956IF62FbT7Gouszaj9w,2014-03-04T15:42:26Z
OYeYgiHBdwQ,2,UCCj956IF62FbT7Gouszaj9w,2014-03-19T10:57:16Z
89rGdJVDiOM,2,UCvJJ_dzjViJCoLf5uKUTwoA,2021-03-16T16:00:04Z
_ONi8ppkYgo,2,UCK7tptUDHh-RYDsdxO1-5QQ,2021-07-08T16:00:55Z
RmCFhxhifgM,2,UCK7tptUDHh-RYDsdxO1-5QQ,2013-02-01T15:43:05Z
je9At_CjubA,2,UCK7tptUDHh-RYDsdxO1-5QQ,2021-09-16T16:02:29Z
02uQ-iU3AYc,2,UCT4Jg8h03dD0iN3Pb5L0PMA,2022-05-20T16:22:51Z
aH6E-mJyn4o,2,UCo7a6riBFJ3tkeHjvkXPn1g,2014-06-10T10:04:29Z
gCJpWzDMVnE,2,UCCj956IF62FbT7Gouszaj9w,2014-02-07T15:29:53Z
kILXXaqspcI,2,UCK7tptUDHh-RYDsdxO1-5QQ,2018-09-26T18:27:34Z
H0dT77lBdL4,2,UCvJJ_dzjViJCoLf5uKUTwoA,2022-08-02T16:00:10Z
8akjgMluVDI,2,UCvJJ_dzjViJCoLf5uKUTwoA,2022-09-13T16:00:08Z
eW2_ZwEQF80,2,UCvJJ_dzjViJCoLf5uKUTwoA,2020-10-14T16:00:09Z
y4u7lkS-F4g,2,UCvJJ_dzjViJCoLf5uKUTwoA,2021-12-11T15:00:37Z
SXJrN8BgN6Q,2,UCvJJ_dzjViJCoLf5uKUTwoA,2021-08-13T16:50:58Z
i8I6waf_1RU,2,UCvJJ_dzjViJCoLf5uKUTwoA,2022-07-28T17:21:48Z
6iF89LCIq1Y,2,UCo7a6riBFJ3tkeHjvkXPn1g,2014-06-02T07:52:42Z
HTIpyAAn4Lw,2,UCvJJ_dzjViJCoLf5uKUTwoA,2021-04-29T16:45:05Z
GBAabiVfMhw,2,UCvJJ_dzjViJCoLf5uKUTwoA,2020-06-10T17:34:33Z
UdOxt11ofjQ,2,UCK7tptUDHh-RYDsdxO1-5QQ,2021-05-20T19:31:49Z
2goaglM2Wiw,2,UCvJJ_dzjViJCoLf5uKUTwoA,2022-08-20T14:00:03Z
66bmT4E0X_c,2,UCCj956IF62FbT7Gouszaj9w,2016-03-08T12:37:41Z
p4f7b5n7inw,2,UCK7tptUDHh-RYDsdxO1-5QQ,2019-01-23T19:24:42Z
LbFjnPxDXUQ,2,UCvJJ_dzjViJCoLf5uKUTwoA,2020-09-17T16:00:11Z
FngMAT5bw9A,2,UCvJJ_dzjViJCoLf5uKUTwoA,2022-02-06T15:00:06Z
bpAwIOO8DSY,2,UCvJJ_dzjViJCoLf5uKUTwoA,2022-04-17T14:00:13Z
9iaM_UKjcec,2,UCK7tptUDHh-RYDsdxO1-5QQ,2015-04-23T19:03:22Z
luC0t-xOet8,2,UCvJJ_dzjViJCoLf5uKUTwoA,2021-02-17T17:00:32Z
wFCR1GlZzDc,2,UCvJJ_dzjViJCoLf5uKUTwoA,2020-11-03T18:48:59Z
W7ooWr05wnw,2,UCvJJ_dzjViJCoLf5uKUTwoA,2020-11-24T17:29:40Z
e0hC5-Rs04Q,2,UCvJJ_dzjViJCoLf5uKUTwoA,2020-10-16T16:00:17Z
-IYLMnugVD4,2,UCvJJ_dzjViJCoLf5uKUTwoA,2022-05-11T10:00:55Z
ZElHluXXrtU,2,UCo7a6riBFJ3tkeHjvkXPn1g,2014-06-02T07:53:01Z
-_moYsbcbZ4,2,UCVp3nfGRxmMadNDuVbJSk8A,2012-05-30T19:29:32Z
mVZcw40x2i4,2,UCvJJ_dzjViJCoLf5uKUTwoA,2021-05-19T18:01:36Z
ZsytHh0o8ew,2,UCvJJ_dzjViJCoLf5uKUTwoA,2021-11-03T16:00:31Z
d47dlDW-sYI,2,UCknLrEdhRCp1aegoMqRaCZg,2010-05-25T14:54:32Z
WHO4CNk7TJM,2,UCFL1sCAksD6_7JIZwwHcwjQ,2022-10-20T13:00:57Z
pMEqBfXVf5I,2,UCCj956IF62FbT7Gouszaj9w,2013-03-21T11:06:20Z
4MzOPf4w8hQ,2,UCvJJ_dzjViJCoLf5uKUTwoA,2022-03-27T14:00:03Z
_JuyDN0qzRY,2,UCvJJ_dzjViJCoLf5uKUTwoA,2020-04-14T16:12:40Z
Rg4HQ1RhhYk,2,UC9TO_oo4c_LrOiKNaY6aysA,2016-02-03T22:29:37Z
swd2iTan2t8,2,UCvJJ_dzjViJCoLf5uKUTwoA,2021-03-18T16:00:13Z
EfCQF_a63Ps,2,UCT4Jg8h03dD0iN3Pb5L0PMA,2022-05-15T22:12:49Z
8ar2Ly62bwY,2,UCT4Jg8h03dD0iN3Pb5L0PMA,2022-05-20T20:15:11Z
Yyfq4lyUNKk,2,UCvJJ_dzjViJCoLf5uKUTwoA,2022-03-02T17:00:32Z
oHdXPwySS1w,2,UC16niRr50-MSBwiO3YDb3RA,2016-04-04T14:28:40Z
MWgFeCSvsmI,2,UCvJJ_dzjViJCoLf5uKUTwoA,2020-08-01T16:42:09Z
r7T4ZowxEG4,2,UCvJJ_dzjViJCoLf5uKUTwoA,2021-09-03T16:44:16Z
5DpCRG3sGOI,10,UCLbdVvreihwZRL6kwuEUYsA,2022-11-30T12:30:20Z
-KJGDSAxJVU,10,UC2dbEi1Es83KZ7dbI4JgbKw,2020-01-24T11:09:02Z
YF-k9jW7Q9o,10,UCxmNWF8fQ4miqfGs84dFVrg,2022-05-05T15:10:47Z
l39d9DJtPyg,10,UCNnym0-l7semR4NH88l6g6w,2016-10-14T12:11:31Z
2LskeFTshUw,10,UCXF0YCBWewAj3RytJUAivGA,2022-11-21T13:05:57Z
1MzVI13xR6s,10,UCIb2FkhwkigTabnuj6D7oew,2022-11-25T12:00:02Z
QE8PxcQnxT8,10,UCxmNWF8fQ4miqfGs84dFVrg,2014-08-04T13:53:43Z
ZxrBSad5FWQ,10,UC08J_1uNL7Q5UGxKwVzif8Q,2019-08-30T08:26:51Z
1l1HrZxTS60,10,UCbDWNcMs8fuHj5YoJwkOkZQ,2022-11-09T18:00:06Z
epya6ivgpMI,10,UCIb2FkhwkigTabnuj6D7oew,2022-11-16T15:00:24Z
r2LdZ2RGdbc,10,UCRCRimrFLpM-Otr6X3IAZEQ,2015-12-04T18:28:51Z
AkZAmpTSOgA,10,UCpDJl2EmP7Oh90Vylx0dZtA,2020-11-06T13:00:11Z
uPTUvSKbfAM,10,UCNnym0-l7semR4NH88l6g6w,2016-10-14T07:00:01Z
MDTeDP4vjNY,10,UCNnym0-l7semR4NH88l6g6w,2016-10-14T07:00:00Z
8yDKRE2-mOs,10,UCWfv392tJM2LGc6KQrOZklQ,2015-06-25T14:35:04Z
RBW4YfwJN-E,10,UCdKS_mDSLUkS6vDK6u1mjOg,2022-06-16T17:00:11Z
yXiP7h_BD1Q,10,UCdKS_mDSLUkS6vDK6u1mjOg,2016-10-07T10:49:18Z
IoY_lEgtdec,10,UC-Vvaw-FjigwT2N4kvBxULA,2022-01-27T19:06:37Z
Hi7Rx3En7-k,10,UCiP2tOO8zRo47GFd5rc8rkA,2019-04-15T15:59:19Z
Fy1xQSiLx8U,10,UCiP2tOO8zRo47GFd5rc8rkA,2018-10-05T12:59:41Z
Su42LK7I4NM,10,UCsN8M73DMWa8SPp5o_0IAQQ,2022-11-25T09:00:29Z
F9cNpKIaWf0,10,UCMaNy_YA3HBrVNrnjTrNoQw,2020-01-02T15:28:53Z
y77PrmDcGjU,10,UCNnym0-l7semR4NH88l6g6w,2016-10-14T07:00:02Z
YMtWp832bA8,10,UCIb2FkhwkigTabnuj6D7oew,2022-11-18T12:00:20Z
OqUy7IOYt6g,10,UCiP2tOO8zRo47GFd5rc8rkA,2019-12-23T18:06:51Z
PoP2Sa7wYNQ,10,UCdKS_mDSLUkS6vDK6u1mjOg,2021-08-18T15:00:11Z
mdbLIC7tjB0,10,UCyzIGp0K6PRwIM6VN-IljIw,2022-10-26T16:06:51Z
cZ2Pq14bdyo,10,UCyzIGp0K6PRwIM6VN-IljIw,2022-10-12T17:56:58Z
IHzA79BQOQw,10,UCIb2FkhwkigTabnuj6D7oew,2022-11-18T14:00:12Z
VyRxTTegjXM,10,UClTOedbvENqctAENqA9DCGg,2010-09-09T13:24:06Z
UxPhamhWE9Q,10,UCxmNWF8fQ4miqfGs84dFVrg,2020-08-27T16:00:10Z
6i9xB0jjaXc,10,UCXdRuKl8Np_WQhn-_akO1ew,2020-11-12T19:00:32Z
-IunmW3wI5Q,10,UCWfv392tJM2LGc6KQrOZklQ,2010-09-27T09:25:58Z
Q-mU0QFys5I,10,UCaKG-btPDK6lRyT3YkmDBbQ,2021-09-30T16:00:10Z
qT_sCreLlRA,10,UC-Vvaw-FjigwT2N4kvBxULA,2013-06-13T13:38:36Z
RNC1IA1POw0,10,UCdKS_mDSLUkS6vDK6u1mjOg,2016-06-03T13:54:38Z
0HYRxv4kvlY,10,UC-Vvaw-FjigwT2N4kvBxULA,2022-04-15T20:34:48Z
2P78nxoE_JY,10,UCNnym0-l7semR4NH88l6g6w,2011-04-07T16:22:01Z
JmIPRfMhzlM,10,UCrLTHz-a-RgeVCkx4iOhs0w,2019-07-01T08:57:43Z
3TNY7PQZOB0,10,UCBaj0E4XjTjn2AZOZMF991g,2022-07-05T17:00:12Z
4t6rQDxJwno,10,UCdKS_mDSLUkS6vDK6u1mjOg,2018-04-28T13:19:59Z
rjrTd8VeP64,10,UC1gUvXeeznSixecbi16b8yg,2019-03-04T08:04:39Z
WzwXMv6maa4,10,UC2GVNMK8MGe7nQTmpUGt33A,2013-11-13T15:03:46Z
XqAiGeEzctQ,10,UCiP2tOO8zRo47GFd5rc8rkA,2019-11-08T16:00:12Z
zC1NAbimaOQ,10,UCulFEbYUWrGc6hLq1UM7pdA,2021-09-10T14:00:12Z
7Mgu63-VVyY,10,UCz3KCKF7Fi32FWOOfhLdnUg,2018-01-25T17:01:11Z
YSrP6cF1gf8,10,UCkzurRVMuPQEIUk7d-c6RbA,2019-02-01T15:14:38Z
Tf0cJGO52xc,10,UCdKS_mDSLUkS6vDK6u1mjOg,2018-09-14T13:59:58Z
EorPxLLrYmg,10,UCX1ry_DJg7RvMJ66EzgSe-A,2018-05-09T01:00:00Z
MzBs2j_gM9A,10,UCxmNWF8fQ4miqfGs84dFVrg,2020-06-08T15:38:28Z
7ashmeuenAY,15,UCqEobfdxKqbf7X-cUh9Ul0Q,2013-03-08T21:50:03Z
OfZnBV_LFZc,15,UCpVm7bg6pXKo1Pr6k5kxG9A,2018-06-15T12:00:06Z
z5JjTls5kUI,15,UCpVm7bg6pXKo1Pr6k5kxG9A,2017-04-14T12:00:05Z
CnYu6e3cfSQ,15,UCCj956IF62FbT7Gouszaj9w,2016-05-04T15:06:40Z
sepYP_knGWc,15,UCCj956IF62FbT7Gouszaj9w,2016-03-31T15:01:20Z
9IN8eVQ4Znc,15,UCCj956IF62FbT7Gouszaj9w,2016-02-04T21:00:01Z
j_XRNzYjfio,15,UCpVm7bg6pXKo1Pr6k5kxG9A,2021-08-05T15:00:20Z
FyJp_Sg1M_c,15,UCCj956IF62FbT7Gouszaj9w,2013-11-26T16:31:02Z
kAlawvE8lVw,15,UCpVm7bg6pXKo1Pr6k5kxG9A,2018-08-06T12:00:11Z
sWJXG2SS6AA,15,UCCj956IF62FbT7Gouszaj9w,2015-01-28T18:29:29Z
CleGcQjY-SI,15,UCCj956IF62FbT7Gouszaj9w,2016-04-05T21:00:00Z
Io56PyvSp4Q,15,UCCj956IF62FbT7Gouszaj9w,2013-11-29T21:00:02Z
K2Eyup8Jk3w,15,UCCj956IF62FbT7Gouszaj9w,2016-04-13T16:07:52Z
wjkJSPl1wis,15,UCCj956IF62FbT7Gouszaj9w,2015-07-24T19:00:02Z
gSwvH6YhqIM,15,UCCj956IF62FbT7Gouszaj9w,2015-10-30T17:34:49Z
MUahMBzm_DM,15,UCpVm7bg6pXKo1Pr6k5kxG9A,2017-06-20T12:00:01Z
oa3lt7ewW9U,15,UCCj956IF62FbT7Gouszaj9w,2013-10-09T16:06:44Z
eSMBq0w2J2U,15,UCCj956IF62FbT7Gouszaj9w,2013-12-06T21:00:02Z
26kSPQceaOQ,15,UCpVm7bg6pXKo1Pr6k5kxG9A,2017-05-08T20:00:00Z
uns8vUQNxpc,15,UCpVm7bg6pXKo1Pr6k5kxG9A,2018-03-20T17:00:04Z
GX8g-NELUns,15,UCCj956IF62FbT7Gouszaj9w,2012-05-21T16:15:50Z
2CFckjfP-1E,15,UCCj956IF62FbT7Gouszaj9w,2011-05-05T14:29:06Z
IUpSPFhPTL8,15,UCpVm7bg6pXKo1Pr6k5kxG9A,2021-08-06T12:00:25Z
Ra6I6svXQPg,15,UCCj956IF62FbT7Gouszaj9w,2016-04-04T15:05:24Z
NMcXun-SwEI,15,UCCj956IF62FbT7Gouszaj9w,2020-02-02T23:30:46Z
d2SbBOei91I,15,UCCj956IF62FbT7Gouszaj9w,2015-02-11T00:30:01Z
BFeApPXQzCA,15,UCCj956IF62FbT7Gouszaj9w,2014-08-27T15:04:31Z
CkxQnjMxpUI,15,UCpVm7bg6pXKo1Pr6k5kxG9A,2017-04-07T12:00:02Z
4BdjxYUdJS8,15,UCpVm7bg6pXKo1Pr6k5kxG9A,2018-03-22T12:00:00Z
c35dz4DRSeI,15,UCpVm7bg6pXKo1Pr6k5kxG9A,2018-10-30T12:00:05Z
pkwqfzUbf-s,15,UCCj956IF62FbT7Gouszaj9w,2013-10-04T19:00:02Z
gYNAtw1c7hI,15,UCpVm7bg6pXKo1Pr6k5kxG9A,2019-06-14T12:00:05Z
BnJ8preFDdA,15,UCpVm7bg6pXKo1Pr6k5kxG9A,2017-12-08T13:00:00Z
drzq1x0mqjo,15,UCCj956IF62FbT7Gouszaj9w,2012-05-18T15:12:49Z
l49oyaB-KRI,15,UCpVm7bg6pXKo1Pr6k5kxG9A,2019-07-15T12:00:12Z
sbrtHbM8aU0,15,UCpVm7bg6pXKo1Pr6k5kxG9A,2020-07-18T15:00:34Z
DybDEV4kIeI,15,UCCj956IF62FbT7Gouszaj9w,2014-04-17T20:01:20Z
TyYH7FgpuaA,15,UC1xredHso_O0RzeYMacGgyg,2021-02-02T07:39:29Z
nOknR3zFd5g,15,UCCj956IF62FbT7Gouszaj9w,2012-05-22T11:54:42Z
iLTvGBIyRrY,15,UCpVm7bg6pXKo1Pr6k5kxG9A,2019-06-25T12:00:06Z
VHAD38kbcR8,15,UCpVm7bg6pXKo1Pr6k5kxG9A,2019-06-17T17:00:04Z
su8nrmGEvFk,15,UC16niRr50-MSBwiO3YDb3RA,2019-05-05T08:14:56Z
30K9te8fCc4,15,UCpVm7bg6pXKo1Pr6k5kxG9A,2019-03-12T12:00:01Z
WKEu90Zsh4A,15,UCpVm7bg6pXKo1Pr6k5kxG9A,2018-02-13T18:00:03Z
6hxV3HBRjBk,15,UCCj956IF62FbT7Gouszaj9w,2016-02-19T19:10:47Z
7XvRtlBrm8I,15,UCCj956IF62FbT7Gouszaj9w,2013-02-28T14:12:41Z
0scm-l-UVdY,15,UCpVm7bg6pXKo1Pr6k5kxG9A,2021-07-29T12:00:02Z
giA16BoH_no,15,UCCj956IF62FbT7Gouszaj9w,2015-10-01T14:27:42Z
kDmcxisClX4,15,UCCj956IF62FbT7Gouszaj9w,2011-02-04T13:10:24Z
acuoZeILLiE,15,UCCj956IF62FbT7Gouszaj9w,2013-10-11T13:34:19Z
3pJwouO8gn8,17,UCLd4dSmXdrJykO_hgOzbfPw,2021-03-01T04:17:39Z
6jVdO1Q5xPE,17,UCpcTrCXblq78GZrTUTLWeBw,2018-07-02T21:27:33Z
3rRq-vRFwbA,17,UCLd4dSmXdrJykO_hgOzbfPw,2021-05-20T03:22:44Z
kJVUi2QLqdU,17,UCLd4dSmXdrJykO_hgOzbfPw,2021-01-18T06:48:28Z
PdeaPvoqNyE,17,UCLd4dSmXdrJykO_hgOzbfPw,2021-05-10T03:35:36Z
liv5KnRTVrw,17,UCLd4dSmXdrJykO_hgOzbfPw,2021-03-05T05:05:39Z
HAwL5EAN1BM,17,UCLd4dSmXdrJykO_hgOzbfPw,2020-12-27T05:34:40Z
aq0n6ym6El4,17,UCLd4dSmXdrJykO_hgOzbfPw,2021-01-23T05:10:25Z
88m2EoSneOs,17,UCLd4dSmXdrJykO_hgOzbfPw,2021-03-05T05:02:07Z
Iox9caz3fME,17,UCWJ2lWNubArHWmf3FIHbfcQ,2022-05-26T05:34:27Z
juvROINSqJY,17,UCLd4dSmXdrJykO_hgOzbfPw,2021-02-24T06:59:16Z
lUwWyuRm4Bc,17,UCLd4dSmXdrJykO_hgOzbfPw,2021-01-03T05:48:18Z
Hwqmn5x2i5E,17,UCWJ2lWNubArHWmf3FIHbfcQ,2022-03-07T08:37:39Z
Fytki6JUiFA,17,UCiWLfSweyRNmLpgEHekhoAg,2021-12-05T05:38:06Z
doD_GOrTs24,17,UCLd4dSmXdrJykO_hgOzbfPw,2021-02-04T06:02:17Z
OgumGafM8aM,17,UCF3K1Jf8hjFW8qliei8fQ3A,2021-05-29T09:00:08Z
MsiY43h1Z_0,17,UCLd4dSmXdrJykO_hgOzbfPw,2021-03-02T05:29:12Z
p-FDDgmWWpM,17,UCtInrnU3QbWqFGsdKT1GZtg,2022-06-30T20:25:51Z
YK_zA3l1Y2o,17,UCLd4dSmXdrJykO_hgOzbfPw,2021-05-08T05:16:06Z
nEK80qelOvk,17,UCWJ2lWNubArHWmf3FIHbfcQ,2020-02-25T03:39:34Z
4_S4_iEI_Uo,17,UCLd4dSmXdrJykO_hgOzbfPw,2021-05-08T04:41:29Z
7Lgu3yPS14M,17,UCLd4dSmXdrJykO_hgOzbfPw,2021-01-25T07:04:43Z
Ro6EH4ZEnqc,17,UCTl3QQTvqHFjurroKxexy2Q,2021-08-31T07:00:19Z
mBh27cVaDmM,17,UCLd4dSmXdrJykO_hgOzbfPw,2021-01-07T04:45:00Z
-HgGQDc-diU,17,UCLd4dSmXdrJykO_hgOzbfPw,2021-02-15T06:29:55Z
FaIL6RjCB8o,17,UCLd4dSmXdrJykO_hgOzbfPw,2021-02-18T04:30:18Z
vtG4lGJ2lig,17,UCMWs0TT4Ga64c4WDEB-mfIQ,2020-10-23T18:30:04Z
h7CExTBrs3Q,17,UCLd4dSmXdrJykO_hgOzbfPw,2021-01-18T05:02:40Z
9b0rjiK8yDw,17,UCChcWqwYXCEs657MQ00qVWA,2021-01-23T19:58:18Z
17FbywBQeeU,17,UCLd4dSmXdrJykO_hgOzbfPw,2021-03-02T04:51:01Z
ylYNe6h3Vbo,17,UCLd4dSmXdrJykO_hgOzbfPw,2021-01-16T04:57:00Z
4V_lqsa1qr4,17,UCQk7fWv15ChjMJLCRVmtApw,2021-06-21T23:00:04Z
WzhhtXH4Ehg,17,UCiWLfSweyRNmLpgEHekhoAg,2022-03-01T17:15:00Z
Kdr0uUSJL94,17,UC14UlmYlSNiQCBe9Eookf_A,2021-10-09T18:19:21Z
2lgL2ONrMZU,17,UCQk7fWv15ChjMJLCRVmtApw,2022-07-19T04:23:26Z
Mcad1LuU6ms,17,UCLd4dSmXdrJykO_hgOzbfPw,2021-02-24T07:01:55Z
peGQ8Da1gko,17,UCiWLfSweyRNmLpgEHekhoAg,2022-02-09T16:30:15Z
QMqPobSCwlw,17,UCLd4dSmXdrJykO_hgOzbfPw,2021-01-09T23:26:37Z
DP-bEnwiwvo,17,UCpryVRk_VDudG8SHXgWcG0w,2021-07-26T15:42:38Z
cvXmhPUeqTs,17,UC6UL29enLNe4mqwTfAyeNuw,2021-02-07T23:15:01Z
36ZJNwve9G8,17,UC5G6kTnHXDz0WIBC2VGBOqg,2021-08-14T11:42:39Z
TSQBxeDYKTE,17,UClhp9g6TPiqCTOlcw0ROfNg,2021-08-03T07:00:32Z
T3JFVKkehSQ,17,UCiWLfSweyRNmLpgEHekhoAg,2022-09-13T16:27:25Z
hvOqy-1tqpM,17,UClhp9g6TPiqCTOlcw0ROfNg,2021-05-31T13:06:01Z
wLXN5ENPaUs,17,UCLd4dSmXdrJykO_hgOzbfPw,2021-05-08T03:10:18Z
0EgYVg3AHac,17,UCexJsWmC7rvfRaqK8MF3JFA,2021-11-05T11:42:42Z
LeZPLSph3Rc,17,UCiWLfSweyRNmLpgEHekhoAg,2020-02-26T16:01:09Z
f_2lL9SOR1Y,17,UCJVKwvv58Xo3Rt4rF3NiL9w,2022-01-04T18:11:30Z
_mIDj7vx9Wo,17,UCeYc_OjHs3QNxIjti2whKzg,2021-10-29T03:17:21Z
oIqvh0OsWgk,17,UCtH7VXC4kowqhH2-RMq0F-Q,2022-06-16T08:00:14Z
LDcKgENhbBo,19,UC16niRr50-MSBwiO3YDb3RA,2019-10-02T13:43:19Z
9jVp33pFDCA,19,UC1WcsP820ey_ZpDvZrFy0JQ,2022-06-03T05:40:22Z
oaQug9iv53g,19,UCde5lyhz54IYdyrbGA5F5rg,2016-12-12T10:26:59Z
ly95MeMsMcc,19,UC9awv94A7WzWuTUP2frSuDA,2019-12-13T03:34:15Z
-y_NmpxZPjM,19,UCUMZ7gohGI9HcU9VNsr2FJQ,2018-07-20T14:14:31Z
tfMsTVVER2Y,19,UCK7tptUDHh-RYDsdxO1-5QQ,2019-09-06T16:45:27Z
Edqokl0HC5g,19,UCFCtZJTuJhE18k8IXwmXTYQ,2022-05-12T06:00:03Z
Nt5Soy6pKYA,19,UC16niRr50-MSBwiO3YDb3RA,2019-07-30T11:35:37Z
ZXCkeEgk2Gw,19,UCCj956IF62FbT7Gouszaj9w,2018-05-13T21:48:11Z
vf3nUF2--l4,19,UCUMZ7gohGI9HcU9VNsr2FJQ,2018-11-29T17:09:09Z
r1QXpmv-y2E,19,UC16niRr50-MSBwiO3YDb3RA,2018-02-19T09:53:01Z
oRNMFBEE460,19,UCUMZ7gohGI9HcU9VNsr2FJQ,2018-05-21T20:47:06Z
N-cdhQfs72U,19,UCWJ2lWNubArHWmf3FIHbfcQ,2012-02-14T18:22:38Z
GV5NWbXcDXk,19,UC5D1TiKg5e0Q2FDzlBk2mdA,2021-06-24T21:24:18Z
vLebsrBn13g,19,UCK7tptUDHh-RYDsdxO1-5QQ,2018-10-16T16:01:45Z
lcrfk6OoZIw,19,UCUMZ7gohGI9HcU9VNsr2FJQ,2018-11-21T15:42:45Z
WLmYzJjwWr0,19,UCK7tptUDHh-RYDsdxO1-5QQ,2019-10-21T16:14:26Z
gyX7PH7BXJc,19,UCFCtZJTuJhE18k8IXwmXTYQ,2022-07-22T04:00:14Z
gBNApw42JYU,19,UCqnbDFdCpuN8CMEg0VuEBqA,2014-08-13T13:00:11Z
P7f03bCAzIo,19,UCFCtZJTuJhE18k8IXwmXTYQ,2022-11-22T04:30:11Z
0Z6Ue_Q6_Tk,19,UCFCtZJTuJhE18k8IXwmXTYQ,2021-04-30T00:00:00Z
lovLaNRW6WM,19,UC16niRr50-MSBwiO3YDb3RA,2016-09-09T11:06:16Z
PmRbBYmSxto,19,UCFCtZJTuJhE18k8IXwmXTYQ,2022-11-14T05:00:10Z
azvH54iKgwU,19,UCFCtZJTuJhE18k8IXwmXTYQ,2022-11-15T12:00:03Z
VwipCNAwrxg,19,UCUMZ7gohGI9HcU9VNsr2FJQ,2018-05-16T16:18:33Z
XcV918f_CIQ,19,UCCj956IF62FbT7Gouszaj9w,2018-05-13T22:02:51Z
5WgrD9_YnDE,19,UCFCtZJTuJhE18k8IXwmXTYQ,2022-10-17T04:45:00Z
_YxjdfP4qBU,19,UC16niRr50-MSBwiO3YDb3RA,2018-09-17T11:20:43Z
--0ltO9bIo0,19,UCFCtZJTuJhE18k8IXwmXTYQ,2022-08-22T06:21:58Z
SV8X1Qm5aPg,19,UCK7tptUDHh-RYDsdxO1-5QQ,2019-12-19T16:45:01Z
hAd7EPiL3f0,19,UC16niRr50-MSBwiO3YDb3RA,2018-09-24T14:05:16Z
OyR8GOm1Mis,19,UCFCtZJTuJhE18k8IXwmXTYQ,2022-07-28T01:00:09Z
somq2pf2OUM,19,UCCj956IF62FbT7Gouszaj9w,2017-03-22T10:27:04Z
APJdx5YXRcQ,19,UCFCtZJTuJhE18k8IXwmXTYQ,2022-10-27T06:10:42Z
bBEuDMY8XTk,19,UCK7tptUDHh-RYDsdxO1-5QQ,2019-11-14T17:00:08Z
ZWEwgsKb690,19,UCK7tptUDHh-RYDsdxO1-5QQ,2020-01-15T15:57:27Z
Xj3gy3zyeQQ,19,UCFCtZJTuJhE18k8IXwmXTYQ,2022-04-18T01:00:06Z
u2Fj8UUiZSg,19,UCFCtZJTuJhE18k8IXwmXTYQ,2022-03-30T01:00:13Z
dnMdYfeWtsQ,19,UCFCtZJTuJhE18k8IXwmXTYQ,2022-10-12T12:02:48Z
K-8FnrcE4AM,19,UCCj956IF62FbT7Gouszaj9w,2020-08-14T11:00:05Z
CZHzTSSw8n4,19,UCK7tptUDHh-RYDsdxO1-5QQ,2014-12-10T16:18:19Z
WfFvpJ4_FS0,19,UC16niRr50-MSBwiO3YDb3RA,2015-10-12T17:27:34Z
iYscmrg_9DM,19,UCFCtZJTuJhE18k8IXwmXTYQ,2022-09-29T04:00:13Z
NaBULYgJl2A,19,UCK7tptUDHh-RYDsdxO1-5QQ,2020-05-04T16:00:12Z
uxPpmE0SX9I,19,UCmh7afBz-uWwOSSNTqUBAhg,2022-11-04T15:00:40Z
Pxb6iuAxyCk,19,UCK7tptUDHh-RYDsdxO1-5QQ,2019-06-26T15:59:41Z
__Ty3gM5RlY,19,UCFCtZJTuJhE18k8IXwmXTYQ,2022-11-25T09:30:07Z
qJDZ43d2kdQ,19,UCFCtZJTuJhE18k8IXwmXTYQ,2022-10-11T04:00:31Z
0oj-siJd0dA,19,UCmh7afBz-uWwOSSNTqUBAhg,2022-07-10T14:00:00Z
nPG1g4qy4Vo,19,UCFCtZJTuJhE18k8IXwmXTYQ,2022-11-14T04:00:13Z
8ThFjCvN9NE,20,UC-2Y8dQb0S6DtpxNgAKoJKA,2014-09-30T17:14:01Z
WIii1D3TH8w,20,UCGIY_O-8vW4rfX98KlMkvRg,2021-09-13T13:00:12Z
hhXX7GPdAhE,20,UCQ-AAXSt0M5Gx0-A9UGut8g,2021-12-24T08:00:13Z
_3nxRjgGcv4,20,UCQ-AAXSt0M5Gx0-A9UGut8g,2022-07-07T17:31:45Z
4kekwTrln64,20,UCKy1dAqELo0zrOtPkf0eTMw,2021-05-03T20:00:00Z
D1swaf2C2bw,20,UCBIdHvSAyoud-CNZOVKW2-w,2019-07-06T22:16:22Z
yPfeBPyW6X8,20,UCKToYSCkBY_jUYO2AjxfGVA,2022-05-17T14:06:47Z
LNllTZWziQc,20,UCGIY_O-8vW4rfX98KlMkvRg,2022-05-27T14:02:13Z
CYyqZgyY-js,20,UCuXxydbUjhVtuBt58cI0V8Q,2020-10-28T14:02:48Z
AdY8c0XQCcM,20,UCGIY_O-8vW4rfX98KlMkvRg,2021-09-24T17:00:06Z
YuGsLRNS5VI,20,UCGIY_O-8vW4rfX98KlMkvRg,2021-10-31T12:00:30Z
e31NJ2E0YVQ,20,UCGWkDcYbDKP9r--ym28YwAQ,2021-11-14T17:00:20Z
1S7dmZxAfIs,20,UCGIY_O-8vW4rfX98KlMkvRg,2018-12-26T17:00:01Z
pIUTKOvPc4I,20,UCGIY_O-8vW4rfX98KlMkvRg,2019-08-05T17:00:07Z
HA_6xhZ2G7U,20,UCnogxaMjxE2pr2QXHsKPGpA,2021-12-13T17:03:12Z
I2EiqdMhth0,20,UCVia_crjzJylRmGq7SHTiaw,2018-08-16T14:21:36Z
G_skScT5gYE,20,UCbu2SsF-Or3Rsn3NxqODImw,2020-05-14T13:09:41Z
L3TKlsL1FIM,20,UCjBp_7RuDBUYbd1LegWEJ8g,2021-07-06T17:15:01Z
g-frSnkublk,20,UCGIY_O-8vW4rfX98KlMkvRg,2022-03-25T14:00:27Z
eIxNa3TNiSE,20,UCGIY_O-8vW4rfX98KlMkvRg,2021-08-11T17:00:20Z
hO21KLsk-Uk,20,UCGIY_O-8vW4rfX98KlMkvRg,2020-03-26T16:30:07Z
0yM3ppz0Zt8,20,UCGIY_O-8vW4rfX98KlMkvRg,2021-05-05T22:00:56Z
KUfQfKdz5rE,20,UCGIY_O-8vW4rfX98KlMkvRg,2020-09-10T15:00:06Z
xzimiyxD88w,20,UCGIY_O-8vW4rfX98KlMkvRg,2022-09-10T20:45:01Z
xoYpYCd41Ps,20,UC6yzV_xgKn8r77FkcmZyMSg,2019-10-04T16:17:22Z
FgUknbTFDO4,20,UCKy1dAqELo0zrOtPkf0eTMw,2010-11-11T17:50:04Z
A41xrnrppKc,20,UCGIY_O-8vW4rfX98KlMkvRg,2019-02-13T22:04:25Z
_RBHYnjD2to,20,UCQ-AAXSt0M5Gx0-A9UGut8g,2022-04-06T14:45:27Z
4nhS3KzcyL8,20,UCNvzD7Z-g64bPXxGzaQaa4g,2021-12-11T22:07:56Z
maijYOOO-pE,20,UCQ-AAXSt0M5Gx0-A9UGut8g,2020-02-18T16:00:06Z
RX0X7gw0Y-E,20,UCGIY_O-8vW4rfX98KlMkvRg,2021-10-19T17:00:17Z
nEwobrY-QaU,20,UCGIY_O-8vW4rfX98KlMkvRg,2021-07-23T18:00:03Z
yogCrX1vgzo,20,UCGIY_O-8vW4rfX98KlMkvRg,2022-06-29T20:00:14Z
OcP0WdH7rTs,20,UCQ-AAXSt0M5Gx0-A9UGut8g,2019-06-06T16:16:17Z
iyYXoWl4Fd0,20,UCfIJut6tiwYV3gwuKIHk00w,2014-05-28T14:00:10Z
5jp_9gv_N8c,20,UCGIY_O-8vW4rfX98KlMkvRg,2021-06-15T18:28:12Z
23qy4RWUJGA,20,UCmh7afBz-uWwOSSNTqUBAhg,2021-09-27T21:22:44Z
OZj6SEFA80M,20,UCjBp_7RuDBUYbd1LegWEJ8g,2019-05-06T15:53:29Z
8_v27ksxSCE,20,UCQ-AAXSt0M5Gx0-A9UGut8g,2020-12-24T16:59:40Z
m87bW0IGY-8,20,UCGIY_O-8vW4rfX98KlMkvRg,2020-11-11T16:00:15Z
ZY-Z-ovanfU,20,UCGIY_O-8vW4rfX98KlMkvRg,2020-12-20T17:00:10Z
DEHiAYN09os,20,UCGIY_O-8vW4rfX98KlMkvRg,2020-02-04T18:00:01Z
nahYf0PIDLM,20,UCGIY_O-8vW4rfX98KlMkvRg,2019-04-17T21:55:12Z
AQuucamIYjQ,20,UCGIY_O-8vW4rfX98KlMkvRg,2020-11-17T14:00:01Z
63azfEGSXx4,20,UCGIY_O-8vW4rfX98KlMkvRg,2021-07-21T18:00:02Z
jtp_B0cVd6U,20,UCmh7afBz-uWwOSSNTqUBAhg,2021-04-17T16:30:07Z
7sh0DCJk9gs,20,UCi3GT08RqryJMN8sf6a-Rmg,2021-10-09T18:45:01Z
L56q_k2ydrs,20,UCGIY_O-8vW4rfX98KlMkvRg,2018-10-30T21:23:09Z
xssRvMcPlKY,20,UC-2Y8dQb0S6DtpxNgAKoJKA,2018-11-19T14:00:12Z
Yr1YO7nxZLU,20,UCGIY_O-8vW4rfX98KlMkvRg,2022-06-09T23:30:02Z
DyoTSA-kQwc,22,UC-SJ6nODDmufqBzPBwCvYvQ,2018-04-07T12:14:14Z
CriXcS8rKIA,22,UC16niRr50-MSBwiO3YDb3RA,2015-12-30T12:30:15Z
E33PSrJKQfM,22,UCOWNzgrecZUTB9aWlxh5SYg,2017-06-15T16:44:22Z
9CaKB62BT_Q,22,UCcVyMRkpb9IF1BLT3f4gRcw,2022-09-25T07:11:36Z
jQ_mKHOMBGg,22,UCF24qrjsTaqO_2nqT1_tcpQ,2022-11-07T17:00:29Z
sTTNJWDLltY,22,UCRNi6Ld4PEWOUxkUKxrId0w,2022-06-18T14:34:47Z
LrjlW00kkws,22,UCFPaWt3K1LTUaTtsD0UQZew,2016-06-22T16:52:48Z
ryXOW1QS0ZM,22,UCFPaWt3K1LTUaTtsD0UQZew,2013-05-11T01:39:32Z
zd4ALKv8Das,22,UCFPaWt3K1LTUaTtsD0UQZew,2019-07-02T18:00:06Z
c5JGl3jZb2M,22,UCFPaWt3K1LTUaTtsD0UQZew,2019-09-09T06:46:17Z
Nn9a8tDjbuw,22,UCpko_-a4wgz2u_DgDgd9fqA,2018-01-30T01:00:53Z
SM6V88qmDl4,22,UCQegzQwEExHgXvm_yHptzQg,2014-12-09T17:13:34Z
XnUQCYCg4_g,22,UC1JAwKeDUjN2orv5t7LWODQ,2017-06-07T13:09:57Z
xm_LLu8R_gk,22,UCFPaWt3K1LTUaTtsD0UQZew,2019-11-01T07:42:14Z
7J-dJSLvdqA,22,UCNCY2HGNRiXPqWejJDaWY8w,2009-09-02T15:14:45Z
Q8W3RB2Im5s,22,UCzF4Ryn8TKn64md77gS5Q5Q,2018-03-19T22:19:14Z
v0j6u2jGfw8,22,UCpko_-a4wgz2u_DgDgd9fqA,2016-05-20T22:00:02Z
8JSdy3nLLYA,22,UCiwPJxWHGRVK4U_wdrJ_3RA,2017-01-04T20:15:53Z
4dr4YV8AmYc,22,UCcVyMRkpb9IF1BLT3f4gRcw,2022-02-11T15:46:49Z
uI3MgaFrKUw,22,UCFPaWt3K1LTUaTtsD0UQZew,2019-09-18T07:51:04Z
9nLYvAglKYQ,22,UCpko_-a4wgz2u_DgDgd9fqA,2016-10-01T01:00:01Z
y0dbfkpWkUo,22,UCkmd982oupPQHLWRsNdfD-A,2021-12-14T17:30:12Z
d_mvTTLz3U4,22,UCpko_-a4wgz2u_DgDgd9fqA,2016-07-21T22:00:01Z
NFZAzOxWBcU,22,UCFPaWt3K1LTUaTtsD0UQZew,2021-01-19T16:38:06Z
H-kSL02ep9s,22,UCvU4p_w08osQsrNi_I4ZtDA,2015-07-20T16:51:25Z
zVvE4_-ISUU,22,UCFPaWt3K1LTUaTtsD0UQZew,2018-11-18T11:37:15Z
f9yCYlV-gNM,22,UCFPaWt3K1LTUaTtsD0UQZew,2021-01-26T09:00:28Z
x3UeZtYKups,22,UCFPaWt3K1LTUaTtsD0UQZew,2021-06-19T15:25:25Z
AHqBhtqqJc4,22,UCANa7EO3GwG7fzEMO-fVRWQ,2017-06-07T10:25:04Z
Zu5O9_p9Mvo,22,UCANa7EO3GwG7fzEMO-fVRWQ,2021-05-02T07:15:01Z
m1StCHAPvdw,22,UCANa7EO3GwG7fzEMO-fVRWQ,2020-11-04T15:30:01Z
c44GsOEqwFM,22,UCkmd982oupPQHLWRsNdfD-A,2021-11-10T23:00:30Z
ovKWxX6yDMg,22,UCANa7EO3GwG7fzEMO-fVRWQ,2019-06-02T06:30:01Z
OEM8fJCebwM,22,UCANa7EO3GwG7fzEMO-fVRWQ,2018-09-16T07:00:01Z
zMP7PKXfcmk,22,UCFPaWt3K1LTUaTtsD0UQZew,2021-04-12T22:00:17Z
yxFmrxCC7P0,22,UCDKjSNf2p6tIRaELETSltxA,2016-11-21T16:33:15Z
UCmy_o7xMNI,22,UCANa7EO3GwG7fzEMO-fVRWQ,2022-11-13T07:30:08Z
dVqhgyVrh2k,22,UCpko_-a4wgz2u_DgDgd9fqA,2018-02-25T01:00:09Z
Zeqbq6PIsNA,22,UCt08KVHPt7rxSvbouUbz0sg,2017-11-26T15:01:54Z
e7ggXZX_9zM,22,UCkoILjnOXA55lX6LDWpJIcQ,2017-12-17T18:50:06Z
ywHALUmpWjU,22,UCFPaWt3K1LTUaTtsD0UQZew,2021-10-02T14:11:07Z
SlNXnOLJ-kw,22,UCANa7EO3GwG7fzEMO-fVRWQ,2018-09-07T14:30:02Z
oP769Nvs4Rk,22,UCFNOftdL_3Gb0XJLnGRaY4A,2020-01-19T18:46:01Z
MvjQTA81MhY,22,UChme7ArrwQ_RQucnQOznVvg,2017-01-04T16:00:02Z
bOL5eH0bavk,22,UCt08KVHPt7rxSvbouUbz0sg,2019-11-29T17:00:53Z
QOQa1m2tAjk,22,UCANa7EO3GwG7fzEMO-fVRWQ,2020-01-12T08:15:01Z
b4k-XEPO6uA,22,UCknLrEdhRCp1aegoMqRaCZg,2008-05-01T13:11:15Z
vY0qzXi5oJg,22,UCLpLPhObMNbVBdSGf8XDIxQ,2014-09-18T21:50:11Z
WiSAuKqh8YQ,22,UCANa7EO3GwG7fzEMO-fVRWQ,2018-10-13T06:30:01Z
ix65TOGTzsU,22,UC4Quzpomix0zB3CeKZtceuQ,2021-04-01T12:31:36Z
rYRAp4aXNCE,23,UCCj956IF62FbT7Gouszaj9w,2013-05-10T19:32:41Z
sJ5_DNJD0Zk,23,UCCj956IF62FbT7Gouszaj9w,2014-09-30T14:59:40Z
XLrT9EQqcbk,23,UCCj956IF62FbT7Gouszaj9w,2008-12-15T10:27:59Z
Z7E-l9fed4s,23,UCCj956IF62FbT7Gouszaj9w,2016-10-19T15:37:01Z
lv7Xhhw-i6U,23,UCCj956IF62FbT7Gouszaj9w,2013-10-18T18:57:00Z
8Y4vYQMSmuI,23,UCa6vGFO9ty8v5KZJXQxdhaw,2020-10-10T07:30:00Z
BMDPdUB_ydo,23,UCi7GJNg51C3jgmYTUwqoUXA,2018-03-06T18:44:07Z
vUYaMFC3kAA,23,UCCj956IF62FbT7Gouszaj9w,2016-01-25T23:30:00Z
7XzhUwF9j7k,23,UCCj956IF62FbT7Gouszaj9w,2017-03-10T22:00:00Z
N_oa2vaejwQ,23,UCCj956IF62FbT7Gouszaj9w,2014-11-06T11:54:33Z
Qd3xHB1yjhY,23,UCCj956IF62FbT7Gouszaj9w,2009-07-06T10:10:27Z
51-hepLP8J4,23,UCCj956IF62FbT7Gouszaj9w,2017-03-10T22:00:00Z
wE2jZ8pMMoY,23,UCCj956IF62FbT7Gouszaj9w,2011-12-14T14:22:03Z
gNrVDmvwvzg,23,UCCj956IF62FbT7Gouszaj9w,2016-07-23T22:58:33Z
Rg2940lQlCo,23,UCCj956IF62FbT7Gouszaj9w,2017-03-19T12:00:05Z
B_jzDGv0KKw,23,UCCj956IF62FbT7Gouszaj9w,2017-02-20T16:35:37Z
wMEi8igUdtI,23,UCCj956IF62FbT7Gouszaj9w,2014-04-11T21:30:01Z
6-7NDP8V-6A,23,UCCj956IF62FbT7Gouszaj9w,2007-10-01T01:34:53Z
t2UY_3RNggU,23,UCCj956IF62FbT7Gouszaj9w,2007-10-09T21:46:00Z
0SMnndWDjh0,23,UCCj956IF62FbT7Gouszaj9w,2010-12-01T18:02:54Z
xfUFVgNcAlU,23,UCCj956IF62FbT7Gouszaj9w,2012-06-29T16:55:50Z
iaRd7TBq4Og,23,UC16niRr50-MSBwiO3YDb3RA,2016-10-17T11:51:52Z
NLqH7C9MPbk,23,UCCj956IF62FbT7Gouszaj9w,2015-12-27T23:00:03Z
8zvqieNE-uY,23,UCCj956IF62FbT7Gouszaj9w,2016-01-01T23:00:01Z
Q1dqNms-_XA,23,UCCj956IF62FbT7Gouszaj9w,2014-10-03T20:00:05Z
3-m6EBVAcfg,23,UCCj956IF62FbT7Gouszaj9w,2010-10-11T15:48:35Z
fwH0LIMNShM,23,UCCj956IF62FbT7Gouszaj9w,2016-01-27T12:00:01Z
Egb-Zb6OxTI,23,UCCj956IF62FbT7Gouszaj9w,2011-02-04T10:42:56Z
mm3bY-ULeyY,23,UCCj956IF62FbT7Gouszaj9w,2015-12-16T13:53:17Z
ZRtq_clQDAk,23,UCCj956IF62FbT7Gouszaj9w,2011-07-01T11:37:43Z
aHun58mz3vI,23,UCCj956IF62FbT7Gouszaj9w,2010-02-05T14:35:34Z
GKWZlWaGKgc,23,UCCj956IF62FbT7Gouszaj9w,2014-03-19T18:19:18Z
9fHucj7e-3k,23,UCCj956IF62FbT7Gouszaj9w,2014-10-15T15:04:25Z
6wrARM-P8pM,23,UCCj956IF62FbT7Gouszaj9w,2009-07-17T14:37:37Z
fCMICAa3EHs,23,UCCj956IF62FbT7Gouszaj9w,2014-11-25T17:00:17Z
he6jhG-lb3o,23,UCCj956IF62FbT7Gouszaj9w,2016-07-23T22:58:26Z
IbVZIPxdcKY,23,UCCj956IF62FbT7Gouszaj9w,2015-12-17T12:32:40Z
hw0yshswtWw,23,UCCj956IF62FbT7Gouszaj9w,2015-10-08T15:00:13Z
x3ZcxTHMI_4,23,UCCj956IF62FbT7Gouszaj9w,2012-09-14T16:01:45Z
u_NoHisbcyw,23,UCCj956IF62FbT7Gouszaj9w,2018-12-06T22:30:03Z
9rqID3X4vqg,23,UCCj956IF62FbT7Gouszaj9w,2012-02-27T11:22:11Z
U8fks93Cgng,23,UCCj956IF62FbT7Gouszaj9w,2015-07-02T19:09:01Z
iuOVLcw0PDU,23,UCCj956IF62FbT7Gouszaj9w,2011-06-09T18:03:31Z
qpt-gsViUhE,23,UCCj956IF62FbT7Gouszaj9w,2019-07-11T16:00:14Z
zWhiD1NlRgI,23,UCCj956IF62FbT7Gouszaj9w,2009-08-13T18:13:31Z
MbM4wuMTbTk,23,UCCj956IF62FbT7Gouszaj9w,2016-02-04T21:00:00Z
ZaO-llc_E64,23,UCCj956IF62FbT7Gouszaj9w,2010-09-22T11:57:52Z
SJ7K8l03GfU,23,UCCj956IF62FbT7Gouszaj9w,2012-06-15T10:33:11Z
Q5WA6ZU_2lU,23,UCCj956IF62FbT7Gouszaj9w,2019-01-12T10:00:03Z
chMjBYGDaZs,23,UCCj956IF62FbT7Gouszaj9w,2016-10-19T14:27:17Z
g_dJLflFgx0,24,UCRpjHHu8ivVWs73uxHlWwFA,2020-12-31T23:10:00Z
QrPfJR_IwLo,24,UCCj956IF62FbT7Gouszaj9w,2019-10-04T15:51:40Z
68XkdjpenLk,24,UCxaCpO3C7BM-8zNvP-SgBgQ,2020-08-27T09:20:37Z
cWEqu7JUU-o,24,UCCj956IF62FbT7Gouszaj9w,2019-06-13T17:00:07Z
mi1aaZFMYfc,24,UCxaCpO3C7BM-8zNvP-SgBgQ,2022-08-28T03:00:18Z
KMlGfFyAErc,24,UCvrhwpnp2DHYQ1CbXby9ypQ,2022-11-30T06:30:03Z
ly-t1LQlmvc,24,UC4KmVCdb3BAxZ5tZAbc3NrQ,2020-03-27T21:30:18Z
UP2IaUcTR-g,24,UC_5niPa-d35gg88HaS7RrIw,2021-09-05T16:00:25Z
3JvFvkT_unc,24,UCMtFAi84ehTSYSE9XoHefig,2021-05-11T03:50:01Z
zu70x1RR9y4,24,UCUtZaxDF3hD5VK4xRYFBePQ,2017-06-03T22:34:23Z
2OL8BnVDeGw,24,UCadtap8RYMNy8w4K9lXhzpQ,2013-07-31T19:27:34Z
GDd4SC74Sm8,24,UCpSgg_ECBj25s9moCDfSTsA,2020-09-13T11:30:01Z
q0ni2ff68L0,24,UCvC4D8onUfXzvjTOM-dBfEA,2020-05-14T15:59:37Z
qUXzUxy0HNQ,24,UCA0MDADBWmCFro3SXR5mlSg,2021-02-18T16:05:54Z
Dt6xHua1hUg,24,UCVTQuK2CaWaTgSsoNkn5AiQ,2020-01-14T03:00:04Z
0Wx_ZE0BcrQ,24,UC16Ne7V6Fe_bp1omKLiymFg,2021-10-28T20:14:00Z
FCRbSYNCBXY,24,UCpVm7bg6pXKo1Pr6k5kxG9A,2020-12-12T12:59:47Z
nGp9rwkWjtY,24,UCw7SNYrYei7F5ttQO3o-rpA,2020-11-09T23:45:01Z
2wHR09k7NII,24,UCQRELbX0H5FCokIFxOAsHFA,2022-03-13T04:00:01Z
17QXkQEckE4,24,UCRpjHHu8ivVWs73uxHlWwFA,2019-02-28T07:45:00Z
fcUhxQmMXbk,24,UCsN8M73DMWa8SPp5o_0IAQQ,2016-01-16T17:45:37Z
RHYC6NQEWdA,24,UCQRELbX0H5FCokIFxOAsHFA,2021-09-19T03:00:19Z
63CZoOKvkr0,24,UCp0hYYBW6IMayGgR-WeoCvQ,2018-10-29T13:00:00Z
Bq3RHatIf7A,24,UCtRa82x1BwQdnpHf0Es4gcQ,2016-10-11T22:36:35Z
Czs-DnnP94M,24,UCcrW6gMdJP6Av2pe-0PftaA,2022-01-25T19:41:32Z
y6Uz7ZEldI4,24,UCQRELbX0H5FCokIFxOAsHFA,2021-09-12T03:00:19Z
_yfD-nEc5q4,24,UCSrRbwgmEx9cMH06pJ4Spkg,2016-12-07T16:00:02Z
6iuozv68bFY,24,UCQRELbX0H5FCokIFxOAsHFA,2022-03-13T04:00:02Z
XqooBa9B7Ig,24,UCxaCpO3C7BM-8zNvP-SgBgQ,2020-09-20T03:00:08Z
x-mx0D5Wq7A,24,UCUtZaxDF3hD5VK4xRYFBePQ,2017-05-27T09:00:06Z
8Fxjglbx2zs,24,UCQRELbX0H5FCokIFxOAsHFA,2021-09-26T03:00:03Z
yw0rs2z1KXA,24,UCWOA1ZGywLbqmigxE4Qlvuw,2021-11-09T11:00:00Z
WHqnudlwA44,24,UCQRELbX0H5FCokIFxOAsHFA,2021-09-12T03:00:23Z
5lzs-XjU9q0,24,UCxaCpO3C7BM-8zNvP-SgBgQ,2022-08-23T10:06:10Z
4YAYY-LeJPs,24,UCQRELbX0H5FCokIFxOAsHFA,2022-03-06T04:00:02Z
141HUdL2wpM,24,UCQRELbX0H5FCokIFxOAsHFA,2021-04-25T03:00:00Z
8bosrWSKBkw,24,UCQRELbX0H5FCokIFxOAsHFA,2022-05-09T13:21:35Z
lIhrFamwcR0,24,UCcrW6gMdJP6Av2pe-0PftaA,2021-02-16T20:11:15Z
t28fnnyxHhU,24,UCxaCpO3C7BM-8zNvP-SgBgQ,2020-09-13T03:00:15Z
Yya7gb6mVpY,24,UC8f7MkX4MFOOJ2SerXLInCA,2019-05-28T15:00:06Z
zePvxNlJO14,24,UCQRELbX0H5FCokIFxOAsHFA,2021-05-16T03:00:26Z
LW7dxXX7iNY,24,UCxaCpO3C7BM-8zNvP-SgBgQ,2022-09-11T03:00:07Z
SgiY1P5z-p8,24,UCKY5PiEq8Tl9r7f3qittXng,2019-07-25T19:16:14Z
t6xMn7Auqco,24,UC_5niPa-d35gg88HaS7RrIw,2020-03-20T16:00:30Z
HdDMviq0Z-8,24,UCQRELbX0H5FCokIFxOAsHFA,2021-02-14T04:00:02Z
r5UGEYVUEFI,24,UCQRELbX0H5FCokIFxOAsHFA,2022-03-20T04:00:25Z
21le77pBxe8,24,UCH1oRy1dINbMVp3UFWrKP0w,2020-09-10T14:49:08Z
VlSfzrN5c-w,24,UCQRELbX0H5FCokIFxOAsHFA,2021-09-19T03:00:09Z
jWrK1ZMVK0I,24,UCQRELbX0H5FCokIFxOAsHFA,2021-09-12T03:00:11Z
9baN9atV_kQ,24,UCdtXPiqI2cLorKaPrfpKc4g,2015-03-27T00:23:50Z
QTBN9GyFxdI,25,UCknLrEdhRCp1aegoMqRaCZg,2020-06-19T09:40:43Z
R8oR2WYf3Jw,25,UCaXkIU1QidjPwiAYu6GcHjg,2021-06-02T21:44:25Z
C54-BzjiYzw,25,UC_gUM8rL-Lrg6O3adPW9K1g,2022-06-21T14:46:13Z
MVuBMhXhLks,25,UCK7tptUDHh-RYDsdxO1-5QQ,2021-02-09T17:00:19Z
RrAmrUI3bDM,25,UCNye-wNBqNL5ZzHSJj3l8Bg,2021-03-15T14:41:23Z
WAVzdJRhvuA,25,UC5O114-PQNYkurlTg6hekZw,2022-06-14T02:55:07Z
_8oywyUEkFQ,25,UChDKyKQ59fYz3JO2fl0Z6sg,2018-06-07T17:08:19Z
ErLZXhd41dE,25,UCf63l7Wp_wX7T-5ChM_Km9Q,2018-06-26T12:07:56Z
oQ-lUD6Q6UI,25,UCNye-wNBqNL5ZzHSJj3l8Bg,2022-03-19T10:20:31Z
yxd_N70e9vE,25,UCNye-wNBqNL5ZzHSJj3l8Bg,2021-11-08T11:24:54Z
qwoTKgA0dSY,25,UCvU4p_w08osQsrNi_I4ZtDA,2022-04-20T10:01:26Z
_0W-QEjHeWM,25,UC16niRr50-MSBwiO3YDb3RA,2022-03-17T06:00:08Z
X4Kgb-aHXS0,25,UCLLibJTCy3sXjHLVaDimnpQ,2022-11-29T19:45:11Z
EL4mPrWbKxM,25,UCvU4p_w08osQsrNi_I4ZtDA,2021-09-03T08:01:06Z
ui8ycZO2tGE,25,UCHlEaKbepQ_S9iIoZPKVQew,2022-02-22T09:49:46Z
KJaRoWpbBJo,25,UCP6HGa63sBC7-KHtkme-p-g,2022-05-06T23:50:11Z
qSBT7uyb6LE,25,UCvU4p_w08osQsrNi_I4ZtDA,2022-04-27T10:01:25Z
Ofaqdxe3OBM,25,UC_gUM8rL-Lrg6O3adPW9K1g,2022-08-29T12:47:35Z
xwxvhv8Hvx8,25,UCrp_UI8XtuYfpiqluWLD7Lw,2020-08-13T18:50:35Z
7Pg5SM5TNUk,25,UCCCPCZNChQdGa9EkATeye4g,2022-11-23T20:52:33Z
3o7DbyIUqWc,25,UCoMdktPbSTixAyNGwb-UYkQ,2021-02-17T23:20:08Z
ngp1OTqh9f4,25,UChqUTb7kYRX8-EiaN3XFrSQ,2021-09-15T15:02:37Z
ED-ZLYbr5nI,25,UCNye-wNBqNL5ZzHSJj3l8Bg,2022-11-13T11:58:21Z
RD1Nr-nAOwg,25,UCCCPCZNChQdGa9EkATeye4g,2022-11-03T11:20:32Z
V9PGTKSHF_4,25,UCCCPCZNChQdGa9EkATeye4g,2022-08-19T08:43:40Z
qYvEMQvRFkE,25,UC5O114-PQNYkurlTg6hekZw,2020-10-02T08:00:07Z
dD4Jtd1idIU,25,UC5O114-PQNYkurlTg6hekZw,2022-09-24T02:33:11Z
oOPhp8PVyzE,25,UC3z9S2WXr6BRZm5bAU3DS6Q,2022-11-29T13:54:08Z
0XTBYMfZyrM,25,UC5O114-PQNYkurlTg6hekZw,2018-04-20T20:40:39Z
5I7yvtK1m1Y,25,UCCCPCZNChQdGa9EkATeye4g,2022-11-25T13:50:22Z
9_ldLIWEXXU,25,UCNye-wNBqNL5ZzHSJj3l8Bg,2022-10-29T11:52:20Z
1tbKvxKgMDM,25,UC3z9S2WXr6BRZm5bAU3DS6Q,2022-06-29T14:25:11Z
pRyUsTpEpc0,25,UC_gUM8rL-Lrg6O3adPW9K1g,2021-08-25T12:39:29Z
oWXk_pc28Z4,25,UCrp_UI8XtuYfpiqluWLD7Lw,2022-03-22T17:49:50Z
9fmISi7vaiA,25,UCVxBA3Cbu3pm8w8gEIoMEog,2022-07-01T23:04:44Z
PvSw-xyw5TA,25,UC_gUM8rL-Lrg6O3adPW9K1g,2022-11-10T17:57:48Z
MPIejBoPUDM,25,UCNye-wNBqNL5ZzHSJj3l8Bg,2021-09-06T11:14:42Z
G4mwXMWHzFY,25,UCHlEaKbepQ_S9iIoZPKVQew,2022-05-20T12:30:25Z
5wmw95sJNas,25,UCaXkIU1QidjPwiAYu6GcHjg,2022-04-27T05:15:00Z
WIfu9SJgbKU,25,UCaXkIU1QidjPwiAYu6GcHjg,2018-09-05T04:45:55Z
QEubEEktWb0,25,UCvU4p_w08osQsrNi_I4ZtDA,2022-02-09T11:01:04Z
9o6GJrWO1-U,25,UC8p1vwvWtl6T73JiExfWs1g,2022-11-09T16:27:27Z
zV970yxCa5Q,25,UCrp_UI8XtuYfpiqluWLD7Lw,2022-02-02T20:29:54Z
n5V-sZNEbNc,25,UCrp_UI8XtuYfpiqluWLD7Lw,2022-02-01T23:24:04Z
0ZE5r-C1tAs,25,UC-SJ6nODDmufqBzPBwCvYvQ,2022-01-04T13:16:33Z
hyvLywtVJyM,25,UC6ZFN9Tx6xh-skXCuRHCDpQ,2019-08-17T17:46:24Z
g_rbPW-Yv4c,25,UCrp_UI8XtuYfpiqluWLD7Lw,2020-11-24T17:38:18Z
cSq1OnzqvRU,25,UC3z9S2WXr6BRZm5bAU3DS6Q,2022-03-04T09:52:35Z
RoeQ3Kwpo6g,25,UCvU4p_w08osQsrNi_I4ZtDA,2022-03-30T10:01:07Z
vqyIfnsGNRU,25,UCHlEaKbepQ_S9iIoZPKVQew,2022-02-25T19:02:41Z
Tsw9p5UDBnk,26,UCqf_rFCGLODeUcw3p_Abr-A,2016-06-07T21:00:00Z
HMA-_4PENW0,26,UC0IXvMUUPeYNVGe88ieMDEg,2016-05-30T21:00:01Z
ZlYGLRZ_Uwk,26,UCmKCpHH5ATFMURHTRC2jLyA,2017-07-28T14:00:07Z
vBb-N2QuQkk,26,UC8Pksdbj37CdE00kmE7Z1dw,2021-03-28T22:00:10Z
r3nqnIx4OOw,26,UC4sMp26uEV17PSI1PyYHWQg,2017-12-13T17:00:05Z
kCVfgZ4bRAA,26,UC8p1vwvWtl6T73JiExfWs1g,2012-05-03T17:27:34Z
oYZ1xUFF15Y,26,UC1aJuxLHlw8bBV6mfCqVfog,2014-07-04T18:33:30Z
a3pAXClBpLI,26,UCJjiBem-T3wOFWgHMeld-kw,2017-07-17T17:25:53Z
bzZsGeyg3Kw,26,UCqnbDFdCpuN8CMEg0VuEBqA,2017-09-28T20:49:22Z
HJx7C7GT2VU,26,UCCj956IF62FbT7Gouszaj9w,2019-09-07T08:00:02Z
hGEsOcF3PoM,26,UCpLfM1_MIcIQ3jweRT19LVw,2016-12-13T15:00:02Z
yCcRJDZ6IC8,26,UCCj956IF62FbT7Gouszaj9w,2020-10-17T11:28:55Z
yJA2I3PBV0U,26,UCCj956IF62FbT7Gouszaj9w,2018-09-11T13:00:12Z
gYDW8KS0UFA,26,UCCj956IF62FbT7Gouszaj9w,2020-09-19T11:00:07Z
bmtqKO8Un6o,26,UCUMZ7gohGI9HcU9VNsr2FJQ,2017-12-22T17:05:14Z
0ne-TIqBmrU,26,UCCj956IF62FbT7Gouszaj9w,2014-12-12T21:00:05Z
3ZTQe6Q8nDo,26,UCCj956IF62FbT7Gouszaj9w,2016-01-19T17:54:19Z
MsP0KC65w9I,26,UC8Pksdbj37CdE00kmE7Z1dw,2018-08-27T14:00:01Z
jc2s4hh2g5g,26,UCCj956IF62FbT7Gouszaj9w,2017-03-16T16:57:23Z
fpfyF4gx3jw,26,UCUMZ7gohGI9HcU9VNsr2FJQ,2018-09-07T16:48:11Z
bDxYm4-eHuA,26,UCCj956IF62FbT7Gouszaj9w,2017-02-20T16:28:45Z
4E7ons_pZ1A,26,UCCj956IF62FbT7Gouszaj9w,2018-07-24T13:00:01Z
UA_rcmK-Apc,26,UCCj956IF62FbT7Gouszaj9w,2018-08-03T13:00:04Z
QwzjyCQWS8s,26,UCCj956IF62FbT7Gouszaj9w,2015-11-30T15:00:01Z
vR1T4GZVk7o,26,UCCj956IF62FbT7Gouszaj9w,2017-03-28T11:09:33Z
90o4N8LNolY,26,UCK7tptUDHh-RYDsdxO1-5QQ,2016-08-08T18:33:56Z
vVytfTEnhyY,26,UCCj956IF62FbT7Gouszaj9w,2020-10-03T10:30:03Z
2rgc8PPoWqo,26,UCK7tptUDHh-RYDsdxO1-5QQ,2016-02-04T16:19:43Z
9wvXWmfBVCo,26,UCCj956IF62FbT7Gouszaj9w,2020-10-10T10:00:01Z
3Wd_Vo-ascU,26,UCCj956IF62FbT7Gouszaj9w,2015-11-17T17:41:57Z
w1VRqxp26dE,26,UCT4Jg8h03dD0iN3Pb5L0PMA,2012-05-03T10:50:51Z
5Og7bbPZhsg,26,UCCj956IF62FbT7Gouszaj9w,2019-09-14T11:00:00Z
71uo1dZlJ34,26,UCCj956IF62FbT7Gouszaj9w,2019-08-24T08:00:00Z
G7ypKWeBlvk,26,UCZxvLnLkCwZvB0XdvN3MEJA,2022-04-12T11:00:07Z
kcFXY42KVS8,26,UCqnbDFdCpuN8CMEg0VuEBqA,2017-09-24T17:36:04Z
gJbkvFxvnIo,26,UCCj956IF62FbT7Gouszaj9w,2018-08-31T13:00:08Z
2cwjUlrKaCY,26,UCK7tptUDHh-RYDsdxO1-5QQ,2017-06-21T18:19:14Z
3oWPMLiHbFQ,26,UCUMZ7gohGI9HcU9VNsr2FJQ,2018-08-14T12:26:32Z
89-AFHieDpM,26,UCK7tptUDHh-RYDsdxO1-5QQ,2014-08-29T16:36:06Z
CIXrNoxa75c,26,UCK7tptUDHh-RYDsdxO1-5QQ,2012-10-19T20:58:16Z
f8yB3VDq2Tw,26,UCCj956IF62FbT7Gouszaj9w,2018-08-21T13:00:08Z
75h8_kS3XAI,26,UCgyeJxD05YnoDquRMNBfBqw,2014-02-03T13:00:04Z
r-Iittl-dqw,26,UCCj956IF62FbT7Gouszaj9w,2018-09-04T13:00:10Z
wpPsnXBSYHk,26,UCqnbDFdCpuN8CMEg0VuEBqA,2017-09-16T18:07:03Z
aQJAU2iJ730,26,UCCj956IF62FbT7Gouszaj9w,2020-09-26T10:00:00Z
p1_GgViCXf0,26,UCK7tptUDHh-RYDsdxO1-5QQ,2019-06-11T20:46:37Z
hJFufGa8upk,26,UCCj956IF62FbT7Gouszaj9w,2010-03-15T14:26:22Z
hf6bt5G4DFE,26,UCK7tptUDHh-RYDsdxO1-5QQ,2016-11-03T15:10:49Z
SrUpSDxi5uU,26,UC16niRr50-MSBwiO3YDb3RA,2019-03-14T11:06:03Z
hqBxY-zoFMM,26,UCmh7afBz-uWwOSSNTqUBAhg,2012-06-28T18:14:19Z
JUaGXa4P0hg,27,UCWXYLmPxloA1FrLAokIPgyg,2021-09-01T16:00:16Z
8P94WuJRdzA,27,UCagiBBx1prefrlsDzDxuA9A,2021-11-26T03:09:00Z
pMVCrEayn7c,27,UCKZGcrxRAhdUi58Mdr565mw,2022-06-26T02:56:46Z
2mUjp13syYs,27,UCnRgwMa5Y3qgnHeHQwyQJUQ,2022-10-09T11:30:00Z
7SSzxzKn5QI,27,UC1cyg1VSTs0LDarTxDEHMdQ,2017-12-07T16:12:46Z
gUoKzr8rsX0,27,UCqTGaENCcIPGkAjbiG-h_0Q,2022-09-29T09:09:37Z
tgJV9M6k1K0,27,UCSsu4Uj7Zs5Xe9B9cnNTJeQ,2020-12-22T13:00:11Z
fOVOG7B5Kk8,27,UCPkctgt1mTeJWTGj4tq4dPQ,2022-10-15T15:17:01Z
k1zG8aUz5s8,27,UCTOoRgpHTjAQPk6Ak70u-pA,2020-04-10T16:00:21Z
rFsE5BIrROo,27,UCLdrXqGujPV1ZJawyYRR5xA,2020-08-10T16:10:00Z
oaLScfreqC4,27,UCDy8zqsb1-0qFZqG689fZ3Q,2021-10-11T14:57:13Z
sOPGvHC5x2k,27,UCpLfM1_MIcIQ3jweRT19LVw,2022-09-26T05:56:54Z
KkK07LhsrBM,27,UC065OFwExGz84peyI5DGtSg,2020-11-26T14:00:04Z
gwZoQUwXpoE,27,UCpLfM1_MIcIQ3jweRT19LVw,2019-08-25T14:14:58Z
BQFxw7OrCNI,27,UCDy8zqsb1-0qFZqG689fZ3Q,2021-10-11T15:03:13Z
6Hnsp1FDxPg,27,UCpLfM1_MIcIQ3jweRT19LVw,2019-11-17T15:00:01Z
dNaHrwoNMNc,27,UCCIXM_qZp7-gMyuhxl94N7Q,2013-06-30T20:44:44Z
AlAyRSQRBkA,27,UCpLfM1_MIcIQ3jweRT19LVw,2020-06-07T12:00:03Z
DurQASK04DA,27,UCl3xZ-f3cQhOHvH6f-7-ssQ,2017-01-13T17:14:44Z
5FXmUYr1mKA,27,UCpLfM1_MIcIQ3jweRT19LVw,2020-06-21T14:00:01Z
tZBgT0prsfY,27,UCpLfM1_MIcIQ3jweRT19LVw,2018-07-10T15:27:16Z
3BEbptbWPSc,27,UCFJFUjH4EwdmH7OVfzcy22g,2018-12-18T20:12:04Z
NEb7CQzWpGg,27,UCpLfM1_MIcIQ3jweRT19LVw,2018-08-03T14:16:02Z
L7evT7mRsws,27,UCCUHHJrtsoC1oyihO86mnMg,2022-11-04T17:24:10Z
L0n5LbCSfRY,27,UCpLfM1_MIcIQ3jweRT19LVw,2020-05-29T14:15:44Z
8xSrVTEwIZw,27,UCLdrXqGujPV1ZJawyYRR5xA,2020-08-10T16:10:06Z
myzWxgnYX48,27,UCpLfM1_MIcIQ3jweRT19LVw,2021-06-02T13:00:18Z
nFx6yKZrzco,27,UCsTbVEdGOsJecP9PyHJkxLg,2012-07-17T18:04:59Z
X3uytSqSUgs,27,UCpLfM1_MIcIQ3jweRT19LVw,2021-10-27T13:45:31Z
AFb8VElwdRE,27,UCpLfM1_MIcIQ3jweRT19LVw,2020-03-31T14:20:42Z
ucdpvFCDM9k,27,UCpLfM1_MIcIQ3jweRT19LVw,2019-04-02T16:00:37Z
dgXYxXex3XQ,27,UCpLfM1_MIcIQ3jweRT19LVw,2020-06-16T14:28:09Z
46owScnej48,27,UCpLfM1_MIcIQ3jweRT19LVw,2022-09-13T15:01:11Z
UpIu8kNIuJY,27,UCpLfM1_MIcIQ3jweRT19LVw,2019-11-26T17:29:41Z
To5c2xhs_Ks,27,UCeTVoczn9NOZA9blls3YgUg,2022-02-11T09:30:12Z
44VHWPZ0CdI,27,UCpLfM1_MIcIQ3jweRT19LVw,2019-09-15T14:01:05Z
8sCm0YZEwDs,27,UCpLfM1_MIcIQ3jweRT19LVw,2021-07-14T12:59:10Z
UnZ4CIbiq9s,27,UCpLfM1_MIcIQ3jweRT19LVw,2019-11-03T15:00:08Z
2YzDTekUNuw,27,UCpLfM1_MIcIQ3jweRT19LVw,2020-03-20T15:00:00Z
Guyr2rNxmX8,27,UCpLfM1_MIcIQ3jweRT19LVw,2020-01-07T14:51:00Z
0158Rw-kpdM,27,UC0P8Do84SDfRAKTBfUxNLHQ,2021-07-19T14:31:21Z
Aq_Tizup3zE,27,UCpLfM1_MIcIQ3jweRT19LVw,2021-10-13T12:57:21Z
GObBJaLGruc,27,UCw5SiHhsastHxT6dgF7rcJQ,2019-11-19T09:20:02Z
Gr22IZwcxZo,27,UCpLfM1_MIcIQ3jweRT19LVw,2019-12-08T15:00:12Z
guiFLTUJpQ4,27,UCpLfM1_MIcIQ3jweRT19LVw,2019-01-15T16:12:54Z
PeygGKskJjM,27,UCpLfM1_MIcIQ3jweRT19LVw,2019-03-29T15:40:50Z
m1NETL3lt28,27,UCpLfM1_MIcIQ3jweRT19LVw,2020-04-28T14:13:39Z
Zsjpe0gMXsA,27,UCw5SiHhsastHxT6dgF7rcJQ,2021-10-14T07:19:29Z
4dOLFihMRy8,27,UCpLfM1_MIcIQ3jweRT19LVw,2019-08-11T14:51:28Z
GblaxQucmik,27,UCs0upBDG-dCAxy8_VDPE5XA,2018-02-07T12:27:06Z
TgcI8ur72x0,28,UCLA_DiR1FfKNvjuUpBHmylQ,2021-02-17T17:07:19Z
eAlD_79XmfA,28,UCl1YkvzMFCzYElvLV6HlXVQ,2021-02-12T12:53:18Z
QQ8R8k4vuMA,28,UC81V-lOu2T6Hrv3tY9pewEQ,2021-10-15T14:28:45Z
WLhlRUnzbTM,28,UCLA_DiR1FfKNvjuUpBHmylQ,2021-12-22T15:27:43Z
iHlMyvBvVTE,28,UCLA_DiR1FfKNvjuUpBHmylQ,2021-02-07T20:30:02Z
w_5iqqgKlV0,28,UCaEEm-0s0x3MHg9jzFcHuQQ,2016-11-22T12:23:15Z
J3VuLKFnvlQ,28,UCLA_DiR1FfKNvjuUpBHmylQ,2020-07-31T23:38:48Z
gZElvYWYctg,28,UCaEEm-0s0x3MHg9jzFcHuQQ,2015-02-13T14:23:31Z
BAcdcfd_aNw,28,UCpvg0uZH-oxmCagOWJo9p9g,2019-10-15T13:12:32Z
lvg7NUTEbF0,28,UC3O8-tKnz9VUn3sxZKyKN3w,2022-10-07T05:50:15Z
lfv_B_D-0rg,28,UCpvg0uZH-oxmCagOWJo9p9g,2020-06-01T06:20:22Z
tAUbLVS243E,28,UCLA_DiR1FfKNvjuUpBHmylQ,2022-05-05T15:23:58Z
1XyTjY69umQ,28,UCLA_DiR1FfKNvjuUpBHmylQ,2022-10-20T16:55:12Z
NDmFz_Qe5A0,28,UCLA_DiR1FfKNvjuUpBHmylQ,2022-03-18T18:33:49Z
AKA9FeqX_ns,28,UCLA_DiR1FfKNvjuUpBHmylQ,2021-02-19T19:30:00Z
UPOQD6Pz79k,28,UCLA_DiR1FfKNvjuUpBHmylQ,2021-12-15T17:27:03Z
wSwJzy5LXb0,28,UCLA_DiR1FfKNvjuUpBHmylQ,2022-05-17T17:06:19Z
69uT90tEJdE,28,UCLA_DiR1FfKNvjuUpBHmylQ,2021-12-21T13:59:26Z
Iy5uN7xf0dA,28,UCLA_DiR1FfKNvjuUpBHmylQ,2020-02-10T23:15:56Z
6hHmkInZkMQ,28,UCLA_DiR1FfKNvjuUpBHmylQ,2022-07-15T19:26:04Z
jLCVxorR2E0,28,UC2zgx2gJoSzTCx9PW186Wtw,2021-02-04T07:21:46Z
GgmRAV8HNKE,28,UCLA_DiR1FfKNvjuUpBHmylQ,2021-04-07T14:18:36Z
kIFDbuEJXwM,28,UCLA_DiR1FfKNvjuUpBHmylQ,2022-03-25T22:38:59Z
coFE7-E6LRg,28,UCLA_DiR1FfKNvjuUpBHmylQ,2021-05-21T16:58:02Z
yxoua8dWoIE,28,UCLA_DiR1FfKNvjuUpBHmylQ,2021-11-03T16:18:50Z
tVZbrBbZ16g,28,UCLA_DiR1FfKNvjuUpBHmylQ,2022-06-03T19:59:29Z
k1UcseLVNVc,28,UCLA_DiR1FfKNvjuUpBHmylQ,2021-04-13T22:05:46Z
LEnAsWVSczg,28,UCIT9d3JjHEnsVi_w9guSXvA,2021-06-09T11:48:47Z
zjJc8vSPNyk,28,UCLA_DiR1FfKNvjuUpBHmylQ,2020-10-28T21:18:31Z
NWxmJfXa304,28,UCLA_DiR1FfKNvjuUpBHmylQ,2022-01-27T15:16:22Z
OnTgbN3uXvw,28,UCHuiy8bXnmK5nisYHUd1J5g,2022-03-21T18:39:00Z
53bbzE2IpKc,28,UC1lhGQ0C_OOlaS1rbxlXM5Q,2020-06-23T07:54:04Z
zvafM0N-zXE,28,UCLA_DiR1FfKNvjuUpBHmylQ,2014-08-15T19:42:15Z
3elbEt0lohM,28,UCLA_DiR1FfKNvjuUpBHmylQ,2021-04-23T06:44:07Z
GUqsH5y1j1M,28,UCLA_DiR1FfKNvjuUpBHmylQ,2021-02-23T00:18:39Z
1MSlGbgJw7w,28,UCqZo9rGtaygOiGJmrrlxr1w,2020-10-21T08:21:18Z
xOwrvYve6H8,28,UC1lhGQ0C_OOlaS1rbxlXM5Q,2019-01-10T12:23:59Z
PapBjpzRhnA,28,UCLA_DiR1FfKNvjuUpBHmylQ,2021-01-12T19:08:43Z
mX-o4vFe-7s,28,UC1lhGQ0C_OOlaS1rbxlXM5Q,2021-02-03T08:08:25Z
w_eKC0bM6-M,28,UCLA_DiR1FfKNvjuUpBHmylQ,2021-12-29T17:00:39Z
FvUaXmFNqU8,28,UCLA_DiR1FfKNvjuUpBHmylQ,2022-05-18T15:07:47Z
5w8gTwDxeH8,28,UCLA_DiR1FfKNvjuUpBHmylQ,2022-11-17T19:28:34Z
VdDK_eIEO-o,28,UCLA_DiR1FfKNvjuUpBHmylQ,2021-04-09T16:13:43Z
jD0QlR_J8vE,28,UCLA_DiR1FfKNvjuUpBHmylQ,2020-11-15T22:44:10Z
LdcvDoqVJXk,28,UCLA_DiR1FfKNvjuUpBHmylQ,2022-11-04T19:26:13Z
FWPyBmd1Cv0,28,UCLA_DiR1FfKNvjuUpBHmylQ,2020-11-15T22:44:09Z
6hx20ca_poQ,28,UCLA_DiR1FfKNvjuUpBHmylQ,2019-02-15T20:07:19Z
6qA9iaAUo8k,28,UCLA_DiR1FfKNvjuUpBHmylQ,2020-07-07T12:59:09Z
JeJrppAf78E,28,UCIBaDdAbGlFDeS33shmlD0A,2022-11-09T14:59:14Z
QgPXtQQnQ-k,28,UCLA_DiR1FfKNvjuUpBHmylQ,2020-11-17T20:16:07Z
oPFPHA9wVXw,29,UCsT0YIqwnpJCM-mx7-gSA4Q,2016-05-31T21:03:36Z
pL9vTnKg_Zg,29,UCsT0YIqwnpJCM-mx7-gSA4Q,2019-06-03T20:36:44Z
ZnSjFr6J9HI,29,UC07-dOwgza1IguKA86jqxNA,2015-10-20T15:17:01Z
iYE0A-5wd14,29,UC07-dOwgza1IguKA86jqxNA,2020-08-07T10:56:58Z
sRcbVduOoE8,29,UCsT0YIqwnpJCM-mx7-gSA4Q,2020-01-22T16:32:48Z
H7i5-c8-P5Y,29,UCQpx-DoK9tMgxv32EzGmkfA,2017-10-23T11:50:25Z
v-CPgKgaQvc,29,UC5O114-PQNYkurlTg6hekZw,2021-06-10T15:18:32Z
owxQzgmuCpE,29,UCsT0YIqwnpJCM-mx7-gSA4Q,2016-02-02T16:32:33Z
PhdSdJu_QXI,29,UC07-dOwgza1IguKA86jqxNA,2021-05-04T14:41:34Z
9Tv2BVN_WTk,29,UC07-dOwgza1IguKA86jqxNA,2020-06-17T12:19:17Z
3PmVJQUCm4E,29,UC07-dOwgza1IguKA86jqxNA,2015-10-20T15:16:16Z
XxFWo4sCzCs,29,UCTDTSx8kbxGECZJxOa9mIKA,2012-11-29T00:29:41Z
8mSgo5qgOeY,29,UCcWZOFh3l-1LC7UvhdCXxQg,2021-12-15T18:02:38Z
t1Iud500QBs,29,UC5O114-PQNYkurlTg6hekZw,2022-07-16T16:07:51Z
o5aof7UI3yg,29,UC9J8xYJ7GyKl1VU1RMRXGIw,2018-02-20T09:52:45Z
SdRmATEySc0,29,UCQFROke6pM580dsxDpVPxpA,2022-04-04T20:15:25Z
-fOChZM9FVI,29,UC07-dOwgza1IguKA86jqxNA,2018-07-12T08:49:44Z
kFpVOIpeksk,29,UCN8HoTxrHO8RJdoB4isH0lA,2020-08-26T12:31:06Z
xKTgMogqBxs,29,UC5O114-PQNYkurlTg6hekZw,2021-04-10T13:00:18Z
zAnSkaPgviY,29,UC07-dOwgza1IguKA86jqxNA,2020-05-16T14:13:09Z
jUWsqeXvkp0,29,UC9J8xYJ7GyKl1VU1RMRXGIw,2019-01-10T10:40:24Z
D1AO6Gm5o6A,29,UCYrLjATd88gPwIKntCoR0WQ,2022-05-25T13:00:05Z
-Y4ICNw2JnI,29,UC9J8xYJ7GyKl1VU1RMRXGIw,2014-08-14T09:24:54Z
rjsFClNKwPc,29,UCQpx-DoK9tMgxv32EzGmkfA,2020-03-26T13:45:00Z
2iPm5UzwECE,29,UCcWZOFh3l-1LC7UvhdCXxQg,2021-11-16T14:43:01Z
4YNdp3pRjig,29,UC9J8xYJ7GyKl1VU1RMRXGIw,2018-04-30T14:30:57Z
3DOcQRl9ASc,29,UC5O114-PQNYkurlTg6hekZw,2021-10-27T15:39:52Z
DYkIKU_PcBc,29,UC07-dOwgza1IguKA86jqxNA,2020-05-27T16:00:11Z
H-vG5xyrYsI,29,UC07-dOwgza1IguKA86jqxNA,2019-08-13T14:36:15Z
tupJDf13jBo,29,UC07-dOwgza1IguKA86jqxNA,2016-04-20T12:16:41Z
5Cg9HnDInbs,29,UC8Su5vZCXWRag13H53zWVwA,2022-03-03T22:50:16Z
bw_Vv2WRG-A,29,UC9J8xYJ7GyKl1VU1RMRXGIw,2019-03-19T15:41:01Z
Lzg_8qayMVQ,29,UCKasAEU4v-TWrzQMlIyodKw,2021-09-20T09:13:57Z
4LjoQOCOBko,29,UCjroAZ7_1T6zJ6txeOZYfrQ,2022-11-18T16:10:50Z
8D86RqDQiYc,29,UC9J8xYJ7GyKl1VU1RMRXGIw,2017-02-01T11:12:53Z
2xBHrAUrC2c,29,UCar90592NLHF8wMDv1F9tOg,2022-10-12T15:44:11Z
oQ90VLrCnBM,29,UC9J8xYJ7GyKl1VU1RMRXGIw,2017-09-29T10:06:45Z
77U_hVAyuiQ,29,UCQpx-DoK9tMgxv32EzGmkfA,2021-10-27T08:38:09Z
Cudp8-JOG1A,29,UC07-dOwgza1IguKA86jqxNA,2021-01-26T10:48:35Z
XiCrniLQGYc,29,UC07-dOwgza1IguKA86jqxNA,2012-10-02T15:12:39Z
eDQQ-KfvhDM,29,UCsT0YIqwnpJCM-mx7-gSA4Q,2020-01-27T21:44:06Z
-58VD3z7ZiQ,29,UCh5BiptKZelzOamcmOeq6BA,2014-11-11T16:22:40Z
XMcab1MFaLc,29,UC07-dOwgza1IguKA86jqxNA,2020-06-22T06:36:49Z
aO2ChjVGL7c,29,UC16niRr50-MSBwiO3YDb3RA,2014-04-21T07:07:37Z
y7e8nM0JAz0,29,UC07-dOwgza1IguKA86jqxNA,2020-03-13T14:54:22Z
dM6NGgUB0bw,29,UCsT0YIqwnpJCM-mx7-gSA4Q,2019-01-23T15:09:51Z
oJNPAPA_fOM,29,UC5MDIy3yhWDrx0MyDo4QmYg,2022-01-20T10:30:11Z
AM-r6AcPsaw,29,UC9J8xYJ7GyKl1VU1RMRXGIw,2019-05-13T14:06:39Z
jY7YvglA92s,29,UC07-dOwgza1IguKA86jqxNA,2020-11-26T07:38:04Z
BjY1SJewEL8,29,UCObOwh_L_ombABKeWU9YI-g,2018-11-28T17:22:24Z
p1AwYs-jLEI,30,UC5d_0hRHvYPUYQ6N_HPDNJA,2013-12-07T00:16:47Z
-k7r5pdVxCA,30,UCaI7myppQ1z3L93qOyP3e7A,2014-10-10T14:12:10Z
3gTrRHB0vk4,30,UCUOGJkf6aQj2b7pG8iuFjXQ,2013-11-16T08:08:51Z
qjzs5kbPsi0,30,UCegf79J921y8xvAi34R7xSg,2013-11-14T05:28:32Z
FU3HPFG_MAA,30,UCe6PrKHOCxlC9iynFBslLjQ,2013-08-07T14:25:56Z
yfANw3J71k0,30,UCFKqnPw5SMfusRVyGoFUF7Q,2017-01-21T04:21:40Z
BWEuV4Et-IE,30,UC7PUaG47Yh3QTJ-3fRBclyQ,2014-12-04T18:23:18Z
aX5y3QdD5Z8,30,UCtA6OM5Z3Sax9zgAZYduqLg,2017-03-22T23:00:22Z
XsQ4q-P9M1k,30,UC8ETqwCcWxjJW2EJhWisFWg,2013-12-12T06:56:11Z
GkRMw5ZzH6s,30,UCluTC1zLDmSWRNZSYoJTpzw,2015-11-26T18:05:00Z
rLRIIfPKglw,30,UCneYQSQ0t64LkrNb6PDFIFg,2013-08-27T23:24:27Z
HqC_YnKmPSY,30,UCvaPhTCYsN9xXsyHxvIZuAg,2014-07-08T21:07:41Z
k69rynWBGtI,30,UCqS9vR-vyjenVYilg5k9sng,2018-05-30T20:36:14Z
HSIjEmRrElg,30,UC9Tg9y9rXwXqRPmMcDSJ4Aw,2015-10-28T06:31:49Z
O3FfU8-1Pps,30,UCUKxRZEQrCPIZ7dSHucK_Nw,2014-12-04T18:23:16Z
jnWFKjymPEQ,30,UCYQZr8qNAhj1i50zcIy7lVQ,2016-03-16T12:32:09Z
PYooyLy3nzY,30,UCyCR59WajcjsbY1Uhkg6BHw,2018-01-29T19:40:11Z
XAyYZIgzAZI,30,UCZ_3ymkt25Mrjk6xstTn9Jg,2014-12-04T18:23:31Z
zeWbeWNrBXY,30,UCFMHFDTKSDLUc54VSeC6DBw,2018-02-20T23:02:41Z
gBUjzQqZ32M,30,UC4tBU4XH6P0RPMFBsQrmteg,2014-01-06T05:00:02Z
58Os-Y-GBDI,30,UC6YW_WGK6YVSx2Xt-rkE1Tw,2015-02-19T19:19:14Z
DgGjtZPqSvY,30,UCVHPMFCRUe3ANjMZ6AVczzg,2014-12-05T05:14:17Z
-gOYjDeaT1M,30,UCG-izdNoRuSXga865zNrkfQ,2017-12-25T16:00:02Z
Mtp23zbhh5s,30,UCHkdkoK-c55MOtuMMV9rIqA,2014-11-05T13:22:30Z
IUgn6C347zo,30,UCcZsyn5iWvY0tuEso-t8AQw,2014-09-17T23:02:51Z
Wv7zMAMVzGQ,30,UC1FnxZkfEuHwz__wmOaY1Yg,2012-10-25T03:50:35Z
3ltnvdG6zHQ,30,UCzmqldJsGq7cM4owfMdXxCg,2017-04-13T15:38:03Z
UqB-1W73VzQ,30,UCaEghdpzdk2kDZtnQVW6csQ,2014-09-28T15:28:08Z
lO1EtWHYJLk,30,UCrF6DVe9tJ7k7DRtB3tV08w,2017-09-08T18:09:14Z
HJyC8uxZP0s,30,UCzZqYRwFNBxlqg1vhXEdNPw,2014-01-22T06:32:03Z
4HqkHM-eb0o,30,UCxpzBpmg5kgqn9rb9BEL7Fw,2014-12-04T18:23:20Z
5ZTzyaD1zAQ,30,UCvIy0elCE-UNQt1t12NC7Qg,2016-12-16T17:41:56Z
2jM5SGcW3jE,30,UCGE5Ea115tkAgt5pQH5O_cw,2016-02-15T22:00:03Z
2EM3lRNu7mg,30,UCJD3Ht3zpg1d9kEnyDFbR8A,2015-01-29T22:00:04Z
he1GuotF4ik,30,UC9zNhFRuVa2XGNm70O700vw,2013-12-12T06:55:56Z
QPO46XwRxTc,30,UCNtaEQryZlMWg4hbvhAK8EA,2013-12-12T05:42:31Z
FKUvkKsTzV8,30,UCxpzBpmg5kgqn9rb9BEL7Fw,2014-12-20T03:27:35Z
muxhn7UdcDM,30,UCYlOifVrOGF0Gxb_6A7vxww,2014-07-01T04:00:03Z
T064yshQVNc,30,UCwrhOqcqkoIfzIqsbJTx_UA,2016-09-19T18:57:38Z
c74VATRPmuY,30,UCd99J5vzND5OgNzHR_11fAw,2015-04-28T02:01:27Z
sjmumKLsTAI,30,UCCPzcu-3GfjVW5R7EDA1-9g,2017-07-27T17:47:25Z
5QydWL8wass,30,UC8lpSaXxzYY9clQj1PELWPQ,2016-12-05T21:47:37Z
rGVZIFJpSx4,30,UCc3ugqYorjSywaDrbCMpUgA,2015-12-17T08:02:03Z
sfptswIO0ms,30,UC4IC8Ji1cPPtIwbBqdvvhJg,2014-02-01T05:00:24Z
rdYIuYVbykI,30,UCdm5WfmIQE2P9nk9ky33S5A,2013-12-12T06:40:32Z
FwmMdU6vqXE,30,UCkpxOr3ixtMncTc4B3Bw9Zg,2015-02-17T10:18:40Z
9pO0j5zOTUQ,30,UCPlVxgnN71zj48FuNirfvVg,2013-12-12T01:59:46Z
nsCAxiKvDio,30,UCTZzEJtm-HRvzdvmuLPbNhQ,2015-03-04T04:08:33Z
d9vy0OYepGU,30,UCFYQ0gJgERmR3Hhj4lBuI7g,2013-12-12T02:02:51Z
IZM8uQmctN8,30,UCSUgX7iBJUsjju7cy_10ptQ,2013-11-18T01:38:25Z
1Z8Oox6aAMM,31,UCNLg5nbjLT9-Q2cxaVmLhfw,2022-06-01T09:23:00Z
ud4ImKDk3Fc,31,UCNLg5nbjLT9-Q2cxaVmLhfw,2022-05-24T09:50:00Z
2_Li39Acrl4,31,UCNLg5nbjLT9-Q2cxaVmLhfw,2022-05-22T09:31:00Z
1laedAjKks4,31,UCXTNxilh3RHpd3rga2--2ww,2022-05-03T09:19:00Z
QnohjiUyDkI,31,UCNLg5nbjLT9-Q2cxaVmLhfw,2022-05-25T09:04:01Z
Zy0DBdHWcxo,31,UCNLg5nbjLT9-Q2cxaVmLhfw,2022-05-31T09:23:00Z
KZ2DSOw4_T0,31,UCk39IAifGBQeObX5-eSTglQ,2022-05-31T09:25:00Z
AZF-tFtWxFY,31,UCXTNxilh3RHpd3rga2--2ww,2022-03-06T09:13:00Z
mSx-T0RElrM,31,UCNLg5nbjLT9-Q2cxaVmLhfw,2022-05-29T09:52:00Z
0QMG4RYed9c,31,UCPfSj-UDvzN1Iu8qVA2X3oQ,2022-07-13T09:45:00Z
zw20MlVh2kA,31,UCNLg5nbjLT9-Q2cxaVmLhfw,2022-06-01T09:09:00Z
HSQI0fSN8pU,31,UCNLg5nbjLT9-Q2cxaVmLhfw,2022-05-30T09:58:00Z
gwgFAkYvfmI,31,UCXTNxilh3RHpd3rga2--2ww,2022-04-30T09:44:01Z
kQUicHDkm9o,31,UCNLg5nbjLT9-Q2cxaVmLhfw,2022-06-02T09:19:00Z
vG0H5wsZgRQ,31,UCNLg5nbjLT9-Q2cxaVmLhfw,2022-05-28T09:40:00Z
sFPo8kDhezE,31,UC7TavZpwt9s1xBiFcxpe8ZQ,2021-12-15T10:39:00Z
wNIzuNtQFpQ,31,UCnNtJ-NKHzjmA3_WIkPnLcQ,2022-08-06T07:17:33Z
I7BLaiKpRWo,31,UCNLg5nbjLT9-Q2cxaVmLhfw,2022-05-29T09:57:00Z
GJf81urJ6wk,31,UCZtBVkFxlgEVQoAYUGyrVvA,2022-05-16T09:55:00Z
MAgGOd2ke5Q,31,UCNLg5nbjLT9-Q2cxaVmLhfw,2022-05-31T09:45:01Z
5604tzRkuzY,31,UCTqJ3eiBdDjlHpDFEztVDnQ,2022-10-25T08:30:01Z
N6qzNZkBvZY,31,UCn56epbc3BiKHWBkqQDAucQ,2022-04-10T09:00:33Z
sJnbl_mE_3w,31,UCpWBehbtQcaodtw38lQyA4w,2022-01-21T10:19:00Z
dqD_OQSWNy4,31,UCXTNxilh3RHpd3rga2--2ww,2022-02-25T09:06:00Z
174JfslA3Ho,31,UCNLg5nbjLT9-Q2cxaVmLhfw,2022-05-24T09:16:00Z
zR6EKEWTqo8,31,UCXTNxilh3RHpd3rga2--2ww,2022-05-06T09:29:00Z
9DLARoXShbo,31,UCNLg5nbjLT9-Q2cxaVmLhfw,2022-05-22T09:34:00Z
421PlIpWlF0,31,UCZtBVkFxlgEVQoAYUGyrVvA,2022-05-14T09:01:00Z
YrVFssp1xzg,31,UCZtBVkFxlgEVQoAYUGyrVvA,2022-05-16T09:35:00Z
H_AtX5VqSpk,31,UCNLg5nbjLT9-Q2cxaVmLhfw,2022-05-30T09:28:01Z
Chw8_OZXr_I,31,UCUj02anOSHPdyUn4lWXN1KQ,2021-11-30T10:06:00Z
rgOotEJNLI4,31,UCn56epbc3BiKHWBkqQDAucQ,2022-05-09T09:03:00Z
DqD1cLMDGIE,31,UCZtBVkFxlgEVQoAYUGyrVvA,2022-05-17T09:27:00Z
NOf2kg66j2k,31,UCpWBehbtQcaodtw38lQyA4w,2022-01-17T09:46:00Z
jL3gUWKNL7g,31,UCZtBVkFxlgEVQoAYUGyrVvA,2022-05-18T09:47:00Z
OajvwkD53Zk,31,UCXTNxilh3RHpd3rga2--2ww,2022-04-27T09:56:01Z
5Dw-ErPkiUk,31,UCWxzwLZzTKeGhSYVCwcKseg,2022-07-02T09:05:00Z
uY39gTJb408,31,UCn56epbc3BiKHWBkqQDAucQ,2022-04-03T09:17:00Z
qePkeuCv3WU,31,UCn56epbc3BiKHWBkqQDAucQ,2022-03-29T09:56:00Z
rDlxIYu9g0I,31,UCXTNxilh3RHpd3rga2--2ww,2022-05-07T09:01:00Z
BQMjNkWKuU4,31,UCjuLGeiX1Ns0TmaGbQZnIog,2022-03-22T09:49:00Z
0ZsFkDknknI,31,UCJJSFOUMgoDy9oeinp8SwfA,2022-01-11T10:19:00Z
x4To5E0A4-s,31,UClxzMdJxAhVsRbTr0emJbhw,2022-01-07T09:30:25Z
FdCx6_VCgXs,31,UC7TavZpwt9s1xBiFcxpe8ZQ,2021-12-27T08:50:41Z
EAann3glkYw,31,UCXTNxilh3RHpd3rga2--2ww,2022-05-02T09:19:00Z
tL9fIJYs8D8,31,UCNb5dMQeLpM7ZjNAFbnqYKg,2022-03-19T09:43:01Z
SwtQ4VZL0aU,31,UC6rsSTfg3g0RQV3BZzFqTdg,2022-04-20T09:18:01Z
eGjj9PKv8To,31,UCVOL_MCAfVkhNem71OcRC9Q,2022-06-14T09:42:00Z
jj1jR5qEMUY,31,UCTqJ3eiBdDjlHpDFEztVDnQ,2022-11-04T08:27:00Z
_9-LUzSOMos,31,UCOZwEKUGpxY5cmlpJg1_-3A,2022-03-28T09:05:00Z
MKj2-NCQyNE,32,UC7pn90PpyDvEvqQW327qNvQ,2016-03-17T01:16:06Z
olZ6rfgK5Jw,32,UCR14ObbzEt-fw00wGkxQznA,2016-02-22T06:54:58Z
FeNn62kP0rM,32,UCjsVTmua72MxdcO6NYHxCIg,2016-05-12T14:33:35Z
sffCbREfTls,32,UCbmcndOs-RE1F1a8b6OzhHA,2016-08-15T06:00:58Z
h7B6ge_rRuo,32,UCR14ObbzEt-fw00wGkxQznA,2015-11-30T03:24:21Z
JYGelzMyXI4,32,UC5hDOX1r0f3pqywlnK9YsEg,2015-12-12T11:16:40Z
h_k5fY4mWAw,32,UCR14ObbzEt-fw00wGkxQznA,2016-01-28T06:35:16Z
XTyOorQml7M,32,UCR14ObbzEt-fw00wGkxQznA,2016-03-04T11:18:35Z
NvVH-_KlsVA,32,UC5hDOX1r0f3pqywlnK9YsEg,2015-12-12T05:05:33Z
Z2BxkC1bqxU,32,UCR14ObbzEt-fw00wGkxQznA,2016-01-19T07:11:56Z
iLXF_KedMlg,32,UCR14ObbzEt-fw00wGkxQznA,2016-03-22T07:35:44Z
NNMpu_Bi_Zc,32,UClDT7lvsxowovdb2wc_snSw,2021-07-22T04:28:06Z
Mxvjwg6hsJc,32,UClDT7lvsxowovdb2wc_snSw,2021-07-22T04:27:55Z
miHOuCPx6z0,32,UClDT7lvsxowovdb2wc_snSw,2021-07-22T04:27:43Z
6HSh61qlKc8,32,UClDT7lvsxowovdb2wc_snSw,2021-07-22T04:27:39Z
-gyPs7bjm_s,32,UClDT7lvsxowovdb2wc_snSw,2021-07-22T04:27:36Z
nWe9C_ljJY8,32,UClDT7lvsxowovdb2wc_snSw,2021-07-23T04:49:56Z
HyfeFQ6IDnU,32,UClDT7lvsxowovdb2wc_snSw,2021-07-22T04:27:26Z
8rLnZUxZs-Y,32,UClDT7lvsxowovdb2wc_snSw,2021-07-22T04:27:25Z
Ri6RAIvtZ68,32,UClDT7lvsxowovdb2wc_snSw,2021-07-22T04:27:44Z
81UlHxQC1ks,32,UClDT7lvsxowovdb2wc_snSw,2021-07-22T04:27:28Z
YbJ4cIND2uY,32,UClDT7lvsxowovdb2wc_snSw,2021-07-22T04:27:28Z
rNKTIjba5jk,32,UClDT7lvsxowovdb2wc_snSw,2021-07-22T04:28:25Z
pjp6-LznCJs,32,UClDT7lvsxowovdb2wc_snSw,2021-07-23T04:47:30Z
PC-8VTI7nzU,32,UClDT7lvsxowovdb2wc_snSw,2021-07-22T04:27:41Z
uGBjfyIxnyw,32,UClDT7lvsxowovdb2wc_snSw,2021-07-23T04:47:41Z
4YE-baRf4Ok,32,UClDT7lvsxowovdb2wc_snSw,2021-07-23T04:47:39Z
58m06WCwDzs,32,UClDT7lvsxowovdb2wc_snSw,2021-07-22T04:27:43Z
PXZ1x9oXu_Q,32,UClDT7lvsxowovdb2wc_snSw,2021-07-22T04:28:01Z
wlAMM24j3cs,32,UClDT7lvsxowovdb2wc_snSw,2021-07-23T04:47:39Z
b8YCnDiVA6w,32,UClDT7lvsxowovdb2wc_snSw,2021-07-22T04:27:47Z
evYan65Xs7Q,33,UClczxyzfYyUJWI5V1zA7q_g,2015-12-14T02:35:30Z
rpUkpMfMWtw,34,UC6xOVUMstTf08rUgOFbyPEA,2014-10-27T08:52:23Z
9wBn1s_l2kE,34,UC4zJAMaYN592qQhMR2OfX_Q,2015-10-20T12:38:38Z
fVqOyXdDQTc,34,UC4zJAMaYN592qQhMR2OfX_Q,2013-02-25T01:57:47Z
U7QewBWvCxI,34,UC1nKvoG4VcWwHg7TLfKibUA,2015-11-19T13:00:01Z
he3eOURzyZs,34,UCmb63JSRt4I61URc2jNj72w,2016-04-25T12:00:01Z
DzfD0aAzOis,34,UCoX8IDU3UFU00Sso55SMocg,2014-03-17T09:06:09Z
MxL8ahHQLro,34,UCoX8IDU3UFU00Sso55SMocg,2013-05-15T06:45:34Z
e4u_RLdsmww,34,UChd-njBSzkM8cYJ7tEjl--Q,2008-12-18T14:11:51Z
3tYpYpGfR60,34,UCOIAUU09GOheBDPXtu04ymQ,2009-08-20T22:16:44Z
mENosPFLLss,34,UC__WYt84w3HclwwD2J4K0pg,2014-03-19T16:41:55Z
oL1GrXPdxDQ,34,UCBymD93SqpkcIJHboolqhCQ,2016-06-29T09:53:19Z
p7F6vSFPH4s,34,UCwhRQ75tEYth84Dwu7A75ZA,2015-09-10T23:35:57Z
oQSUkH_LWKw,34,UCwhRQ75tEYth84Dwu7A75ZA,2015-09-25T02:04:06Z
jjxKV4cVgCo,34,UC-Sw26Gxixej2uJ-1mb9ZFg,2016-01-21T02:59:42Z
EN1evk3NYoc,34,UCOIAUU09GOheBDPXtu04ymQ,2010-08-07T20:59:01Z
QV50GDU6qhM,34,UCqRrKdYjP8bfv0PDML6KL5g,2015-08-28T18:30:01Z
bEd6qOaWAxE,34,UCzSRZxYFZu3VgssrrBoA7gA,2008-12-19T06:57:20Z
cDhZfeqsemk,34,UCRx-6QbN3gOgwCTqedVYgoA,2008-12-07T06:58:49Z
foVupFhsil8,34,UCOIAUU09GOheBDPXtu04ymQ,2011-03-19T17:33:30Z
6hHAETk5QnQ,34,UCOIAUU09GOheBDPXtu04ymQ,2008-06-17T21:35:16Z
8raVOHXBMmo,34,UCC7z8fNxUe8MNS1lmfAaheQ,2008-12-18T17:46:13Z
AJN6lCxrJj4,34,UCzSRZxYFZu3VgssrrBoA7gA,2008-12-18T16:49:24Z
t3V25dbR8pk,34,UCOIAUU09GOheBDPXtu04ymQ,2011-05-15T03:04:10Z
ht9sWKppSZQ,34,UCSawYugInYUSfG-g3Lj6XlQ,2021-07-22T04:24:15Z
S_DmOX1tW4M,34,UCOIAUU09GOheBDPXtu04ymQ,2011-05-15T03:51:01Z
gv7u7b-tRfk,34,UCOIAUU09GOheBDPXtu04ymQ,2011-05-15T03:21:40Z
8oMf9q59uyA,34,UCi-YuVla0iL2YCkiEZKg3Mw,2008-12-18T16:41:41Z
2UDLsA0OHRM,34,UCOIAUU09GOheBDPXtu04ymQ,2011-05-15T03:37:12Z
Z_wwSsfgjHc,34,UCfiz6KkN6weu4viy87nGjvA,2008-12-18T22:48:07Z
Rs07Ol6pFmU,34,UCOIAUU09GOheBDPXtu04ymQ,2010-03-05T14:22:09Z
eJUowCI1LOk,34,UC3-DipBnB98p3nlfpV7WK8w,2008-12-18T18:32:14Z
xhWcUJVRR30,34,UCSawYugInYUSfG-g3Lj6XlQ,2021-07-22T04:24:12Z
PnRM7gqpb68,34,UC1GDsVLxeDgITA93zjg_TXQ,2008-12-18T18:20:47Z
9gjuITJax4M,34,UCxb2T6qEs7fqOTG18-w15Cg,2008-12-18T17:28:41Z
cF5D41JHxtI,34,UCDDefyP5u61RlIlcRsLkHwQ,2008-12-18T18:16:14Z
ofLOWwfDrnA,34,UCbI8kNKUMv8rliCGRfmPi2w,2008-12-18T18:32:07Z
fAXMkq-4dwA,34,UCxb2T6qEs7fqOTG18-w15Cg,2008-12-18T17:24:19Z
dmR_6pw6IG4,34,UC1GDsVLxeDgITA93zjg_TXQ,2009-03-06T04:16:54Z
IWxESO8mW2w,34,UCxb2T6qEs7fqOTG18-w15Cg,2008-12-18T17:14:00Z
dSTB5dVQNIk,34,UCxb2T6qEs7fqOTG18-w15Cg,2008-12-18T17:20:21Z
ZOkPIPPVL3w,34,UCbI8kNKUMv8rliCGRfmPi2w,2008-12-18T18:34:44Z
f0GVwOBGyKs,34,UC1GDsVLxeDgITA93zjg_TXQ,2008-12-18T18:20:48Z
Xl4kmDwSSSw,34,UC1GDsVLxeDgITA93zjg_TXQ,2009-03-05T19:27:20Z
M9XyBnFNOyQ,34,UC1GDsVLxeDgITA93zjg_TXQ,2008-12-18T18:47:33Z
F3nU5axAsDE,34,UCxb2T6qEs7fqOTG18-w15Cg,2008-12-18T17:20:39Z
iY-F8JEDdaU,34,UCR14ObbzEt-fw00wGkxQznA,2015-11-09T10:40:24Z
eLw5XrAlruo,34,UCxb2T6qEs7fqOTG18-w15Cg,2008-12-18T17:09:41Z
lJDApcJ8t2w,34,UCOIAUU09GOheBDPXtu04ymQ,2009-05-01T17:10:05Z
xhUwfkLnEcA,34,UCOIAUU09GOheBDPXtu04ymQ,2009-03-16T01:56:25Z
tRTSMBda_L4,34,UCSawYugInYUSfG-g3Lj6XlQ,2021-07-22T04:24:06Z
HrwxFjh8cqA,35,UCZ6tHPvJtEkrg-mzkYYZaxQ,2022-01-14T17:00:32Z
K9JIvlTNsMc,35,UCZ6tHPvJtEkrg-mzkYYZaxQ,2022-01-15T17:00:12Z
GFKB6yqQ60M,35,UCZ6tHPvJtEkrg-mzkYYZaxQ,2022-01-14T19:00:13Z
uApyf3ysv3A,35,UCZ6tHPvJtEkrg-mzkYYZaxQ,2022-01-16T15:00:14Z
cVLZrE1nZ7Q,35,UCZ6tHPvJtEkrg-mzkYYZaxQ,2022-01-12T17:00:14Z
2ym5JwFGT7M,35,UCZ6tHPvJtEkrg-mzkYYZaxQ,2022-01-12T19:00:10Z
Y5hXIjzPbVY,35,UCZ6tHPvJtEkrg-mzkYYZaxQ,2022-01-15T19:00:13Z
d_8KCfhLbPM,35,UCZ6tHPvJtEkrg-mzkYYZaxQ,2022-01-12T19:00:13Z
ZAUiPa7VVi4,35,UCZ6tHPvJtEkrg-mzkYYZaxQ,2022-01-08T15:00:12Z
QjHSsZ8VSsI,35,UCZ6tHPvJtEkrg-mzkYYZaxQ,2022-01-06T15:00:12Z
Lgfo7BPgS6E,35,UCZ6tHPvJtEkrg-mzkYYZaxQ,2022-01-13T17:00:11Z
T_z5ST0fNXs,35,UCZ6tHPvJtEkrg-mzkYYZaxQ,2022-01-04T19:00:14Z
H0E5nFtWVxY,35,UCZ6tHPvJtEkrg-mzkYYZaxQ,2022-01-14T19:00:15Z
KFKOEHUhvDw,35,UCZ6tHPvJtEkrg-mzkYYZaxQ,2022-01-18T17:00:13Z
KqRuCRnggjo,35,UCZ6tHPvJtEkrg-mzkYYZaxQ,2022-01-09T17:00:14Z
OCMI_CUTtS4,35,UCZ6tHPvJtEkrg-mzkYYZaxQ,2022-01-05T19:00:25Z
lHqy2x4hm1Y,35,UCZ6tHPvJtEkrg-mzkYYZaxQ,2022-01-08T15:00:11Z
gzc2H8PgERg,35,UCZ6tHPvJtEkrg-mzkYYZaxQ,2022-01-04T19:00:11Z
-uRw0yFWFQI,35,UCZ6tHPvJtEkrg-mzkYYZaxQ,2022-01-06T15:00:09Z
clRCzbxgS3w,35,UCZ6tHPvJtEkrg-mzkYYZaxQ,2022-01-11T15:00:14Z
DPlgvntV2gM,35,UCZ6tHPvJtEkrg-mzkYYZaxQ,2022-01-08T17:00:12Z
K6O0k9pDYH8,35,UCZ6tHPvJtEkrg-mzkYYZaxQ,2022-01-18T17:00:14Z
t-wh7SjhxKg,35,UCZ6tHPvJtEkrg-mzkYYZaxQ,2022-01-11T19:00:11Z
1vnzNUP7Jbg,35,UC-3xiclF1_0EIrFrglF5ADA,2008-01-31T00:09:23Z
-kA9T96ZUwQ,35,UCZ6tHPvJtEkrg-mzkYYZaxQ,2022-01-08T17:00:13Z
-nmFX4ySK9Y,35,UCZ6tHPvJtEkrg-mzkYYZaxQ,2022-01-09T17:00:14Z
YrQ4f4Ao7aA,35,UCZ6tHPvJtEkrg-mzkYYZaxQ,2022-01-19T19:00:08Z
fl6aIq79oos,35,UCZ6tHPvJtEkrg-mzkYYZaxQ,2022-01-16T17:00:10Z
RIJDGFx8qfE,35,UCZ6tHPvJtEkrg-mzkYYZaxQ,2022-01-12T15:00:14Z
z9TJJ25EK9M,35,UCZ6tHPvJtEkrg-mzkYYZaxQ,2022-01-13T19:00:12Z
U1FFq4AAizE,35,UCZ6tHPvJtEkrg-mzkYYZaxQ,2022-01-17T19:00:11Z
87Gvxv3Mwx4,35,UCZ6tHPvJtEkrg-mzkYYZaxQ,2022-01-13T19:00:10Z
WicuXD-jJUo,35,UCZ6tHPvJtEkrg-mzkYYZaxQ,2022-01-14T17:00:14Z
HMegQnugalI,35,UCZ6tHPvJtEkrg-mzkYYZaxQ,2022-01-18T15:00:14Z
pIb8K-zqP7M,35,UCZ6tHPvJtEkrg-mzkYYZaxQ,2022-01-12T19:00:11Z
BjwMh5zesbg,35,UCZ6tHPvJtEkrg-mzkYYZaxQ,2022-01-07T19:00:13Z
_-kzMPcmy1k,35,UCZ6tHPvJtEkrg-mzkYYZaxQ,2022-01-16T17:00:14Z
50SNiYuj4Pk,35,UCZ6tHPvJtEkrg-mzkYYZaxQ,2022-01-09T15:00:18Z
JWwtM8JhwHc,35,UCZ6tHPvJtEkrg-mzkYYZaxQ,2022-01-08T17:00:16Z
Q9W5c3kh7V0,35,UCZ6tHPvJtEkrg-mzkYYZaxQ,2022-01-07T15:00:15Z
Mw6X3btnFWo,35,UCZ6tHPvJtEkrg-mzkYYZaxQ,2022-01-13T19:00:12Z
80nrjT7145o,35,UCZ6tHPvJtEkrg-mzkYYZaxQ,2022-01-15T17:00:12Z
IAnZoKWVtks,35,UCZ6tHPvJtEkrg-mzkYYZaxQ,2022-01-16T19:00:31Z
PltgL3Vsdi4,35,UCZ6tHPvJtEkrg-mzkYYZaxQ,2022-01-12T15:00:11Z
GfqMvnj7x_s,35,UCZ6tHPvJtEkrg-mzkYYZaxQ,2022-01-09T17:00:14Z
SVkKpGVZsNg,35,UCZ6tHPvJtEkrg-mzkYYZaxQ,2022-01-16T19:00:10Z
EV2MxCdeg0k,35,UCZ6tHPvJtEkrg-mzkYYZaxQ,2022-01-05T17:00:15Z
TAf934cO3mw,35,UCZ6tHPvJtEkrg-mzkYYZaxQ,2022-01-09T17:00:14Z
56dZku8mAGM,35,UCZ6tHPvJtEkrg-mzkYYZaxQ,2022-01-10T19:00:14Z
qIxvsTj22sI,35,UCZ6tHPvJtEkrg-mzkYYZaxQ,2022-01-09T19:00:13Z
MBWFbd_5sJs,36,UCFdJt1vZDxA998laTDtWIDw,2021-07-22T04:32:39Z
JTQCbi2DHEY,36,UCFdJt1vZDxA998laTDtWIDw,2021-07-22T04:32:34Z
BkdcMIelQUY,36,UCFdJt1vZDxA998laTDtWIDw,2021-07-22T04:32:26Z
rridqv6HdKQ,36,UCFdJt1vZDxA998laTDtWIDw,2021-07-22T04:32:37Z
_7I9h6KYUSk,36,UCFdJt1vZDxA998laTDtWIDw,2021-07-22T04:32:38Z
i5G3f4BBS4I,36,UCFdJt1vZDxA998laTDtWIDw,2021-07-22T04:33:41Z
npFMmBExEzo,36,UCFdJt1vZDxA998laTDtWIDw,2021-07-22T04:32:38Z
6lVQT-0TPi4,36,UCFdJt1vZDxA998laTDtWIDw,2021-07-22T04:34:52Z
AAKIrVyGidY,36,UCFdJt1vZDxA998laTDtWIDw,2021-07-22T04:32:24Z
SKJkLx8vYBE,36,UCFdJt1vZDxA998laTDtWIDw,2021-07-22T04:32:36Z
Hske7abHXO8,36,UCFdJt1vZDxA998laTDtWIDw,2021-07-23T04:51:23Z
9ReD80fSHec,36,UCFdJt1vZDxA998laTDtWIDw,2021-07-23T04:51:24Z
Okf5Ns4gRD4,36,UCFdJt1vZDxA998laTDtWIDw,2021-07-23T04:51:30Z
U2HrGZeX9SI,36,UCFdJt1vZDxA998laTDtWIDw,2021-07-23T04:51:30Z
kp9_Z7touRQ,36,UC3OsEdOEdBEgennDmRh6gZA,2008-12-18T14:55:05Z
QZFLpO6z61I,36,UCFdJt1vZDxA998laTDtWIDw,2021-07-22T04:32:57Z
TQ0OiDp4JwM,36,UCFdJt1vZDxA998laTDtWIDw,2021-07-22T04:32:29Z
AXzREGFzr4g,36,UCFdJt1vZDxA998laTDtWIDw,2021-07-22T04:33:02Z
5l8rAocEJcU,36,UCFdJt1vZDxA998laTDtWIDw,2021-07-22T04:32:32Z
xvh60h2tboQ,36,UCFdJt1vZDxA998laTDtWIDw,2021-07-22T04:32:33Z
EGCyswdubls,37,UCzOY90Juf-6KIcFIZ6-1IDg,2022-03-27T09:31:27Z
Q59utada35A,37,UCzOY90Juf-6KIcFIZ6-1IDg,2022-03-28T17:39:54Z
oYvp0X_hoKo,37,UCzOY90Juf-6KIcFIZ6-1IDg,2022-03-28T18:15:54Z
w1ITOWbbWgI,37,UCzOY90Juf-6KIcFIZ6-1IDg,2022-03-27T20:11:14Z
6xDJrUGTjkI,37,UCzOY90Juf-6KIcFIZ6-1IDg,2022-03-27T10:11:40Z
LoT-rqIeClE,37,UCzOY90Juf-6KIcFIZ6-1IDg,2022-03-28T17:23:52Z
hGTf4xk3Gek,37,UCzOY90Juf-6KIcFIZ6-1IDg,2022-03-27T09:15:20Z
W5ZFb_bUN6o,37,UCzOY90Juf-6KIcFIZ6-1IDg,2022-03-28T17:23:54Z
Ox_kpo5v8QU,37,UCzOY90Juf-6KIcFIZ6-1IDg,2022-03-27T10:11:33Z
VvcSZuDcuoI,37,UCzOY90Juf-6KIcFIZ6-1IDg,2022-03-27T20:44:48Z
AV_RrJIHfwY,37,UCzOY90Juf-6KIcFIZ6-1IDg,2022-03-29T18:59:07Z
axk94ymUs74,37,UCzOY90Juf-6KIcFIZ6-1IDg,2022-03-29T18:58:58Z
qxs2iqX3YZU,37,UCzOY90Juf-6KIcFIZ6-1IDg,2022-03-27T20:45:03Z
0IHN12TaN7g,37,UCzOY90Juf-6KIcFIZ6-1IDg,2022-03-27T09:01:37Z
59ILXU7OJp4,37,UCzOY90Juf-6KIcFIZ6-1IDg,2022-03-28T17:56:36Z
y9RwtiC-l3g,37,UCzOY90Juf-6KIcFIZ6-1IDg,2022-03-27T20:32:35Z
v8IWLwEjYkM,37,UCzOY90Juf-6KIcFIZ6-1IDg,2022-03-29T20:00:09Z
apkgJRmD1ug,37,UCzOY90Juf-6KIcFIZ6-1IDg,2022-03-27T09:29:32Z
rfVBWWn8otk,37,UCzOY90Juf-6KIcFIZ6-1IDg,2022-03-28T17:39:43Z
GU_ALfnKKSw,37,UCzOY90Juf-6KIcFIZ6-1IDg,2022-03-27T10:34:22Z
BmnPob5LDN4,37,UCzOY90Juf-6KIcFIZ6-1IDg,2022-03-27T09:15:12Z
nKbQaD87dM4,37,UCzOY90Juf-6KIcFIZ6-1IDg,2022-03-28T17:56:33Z
qdvGmM93fa4,37,UCzOY90Juf-6KIcFIZ6-1IDg,2022-03-27T20:44:48Z
VX0e7im7Twk,37,UCzOY90Juf-6KIcFIZ6-1IDg,2022-03-29T18:59:02Z
jQkJ0c3X9yQ,37,UCzOY90Juf-6KIcFIZ6-1IDg,2022-03-28T17:09:09Z
5oX1c_7yM-8,37,UCzOY90Juf-6KIcFIZ6-1IDg,2022-03-29T20:17:43Z
2QLNrO2o1g4,37,UCzOY90Juf-6KIcFIZ6-1IDg,2022-03-27T19:41:53Z
rti51S_QYw4,37,UCzOY90Juf-6KIcFIZ6-1IDg,2022-03-28T17:08:48Z
WJzqTrPwkco,37,UCzOY90Juf-6KIcFIZ6-1IDg,2022-03-27T09:44:38Z
rb9wzzsYr5I,37,UCzOY90Juf-6KIcFIZ6-1IDg,2022-03-29T20:17:39Z
oufigZuTgO0,37,UCzOY90Juf-6KIcFIZ6-1IDg,2022-03-27T20:11:52Z
5zwFOBIZW-k,37,UCzOY90Juf-6KIcFIZ6-1IDg,2022-03-28T17:23:48Z
2DHN90niHRM,37,UCzOY90Juf-6KIcFIZ6-1IDg,2022-03-27T20:11:20Z
jYbgx57jDB4,37,UCzOY90Juf-6KIcFIZ6-1IDg,2022-03-27T20:45:09Z
RgrnnWLJIpM,37,UCzOY90Juf-6KIcFIZ6-1IDg,2022-03-27T20:30:49Z
yE5uAvf-kGA,37,UCzOY90Juf-6KIcFIZ6-1IDg,2022-03-29T19:41:28Z
YJ6cFIZaaNE,37,UCzOY90Juf-6KIcFIZ6-1IDg,2022-03-27T19:23:54Z
ZUXjyNZz6N4,37,UCzOY90Juf-6KIcFIZ6-1IDg,2022-03-29T18:59:13Z
glKdZkVoSdY,37,UCzOY90Juf-6KIcFIZ6-1IDg,2022-03-29T19:20:32Z
mfEAH04DF0U,37,UCzOY90Juf-6KIcFIZ6-1IDg,2022-03-29T20:00:13Z
58BFBMHcYxU,37,UCzOY90Juf-6KIcFIZ6-1IDg,2022-03-27T20:11:19Z
RB8_CnE8V2I,37,UCzOY90Juf-6KIcFIZ6-1IDg,2022-03-27T09:44:44Z
Pmo6ZisSUHc,37,UCzOY90Juf-6KIcFIZ6-1IDg,2022-03-27T19:23:54Z
IhYS5cuRLDI,37,UCzOY90Juf-6KIcFIZ6-1IDg,2022-03-27T19:41:33Z
PwofkYEWBes,37,UCzOY90Juf-6KIcFIZ6-1IDg,2022-03-27T09:44:42Z
MfIgYJIrUpo,37,UCzOY90Juf-6KIcFIZ6-1IDg,2022-03-28T17:23:49Z
SaNOI40w7Ww,37,UCzOY90Juf-6KIcFIZ6-1IDg,2022-03-29T20:17:53Z
0eYWXC7NlEs,37,UCzOY90Juf-6KIcFIZ6-1IDg,2022-03-28T18:13:44Z
lIYcwATy4Tk,37,UCzOY90Juf-6KIcFIZ6-1IDg,2022-03-27T20:14:13Z
4KI1CEsswdE,37,UCzOY90Juf-6KIcFIZ6-1IDg,2022-03-29T20:42:53Z
hnlA1tsY-lI,39,UCJLLBpNOpgmQdTyQwC6pRFQ,2008-12-18T19:08:31Z
wk3pggOhHHA,39,UCR14ObbzEt-fw00wGkxQznA,2015-11-04T03:25:25Z
1o-oWUCpTKQ,41,UCcg1Yjl81IeksVfHGhreE3w,2009-04-16T11:48:27Z
aQ49fk8Ls7Y,42,UCUGOjZb-zvNXCIlSRuEiyAg,2022-03-11T09:22:01Z
_UJrQK-8rKg,42,UCUGOjZb-zvNXCIlSRuEiyAg,2022-01-11T08:40:00Z
AnK0DjzfMKA,42,UCUGOjZb-zvNXCIlSRuEiyAg,2022-01-30T09:56:00Z
gyUNF2a9fpo,42,UCVBH80cwODKUC_pFo2kgkPQ,2022-05-23T09:12:00Z
pzdZeibdBh0,42,UCW-q0I0BtS6p3itZyyce8Lg,2022-04-17T09:25:00Z
9OvnKYCwkD4,42,UCUGOjZb-zvNXCIlSRuEiyAg,2022-01-14T09:58:00Z
gh3HUmo-K70,42,UCtN2FQJxCKz93FFJRWgtvVA,2022-02-09T09:15:04Z
UOhY4N_ERNw,42,UCVBH80cwODKUC_pFo2kgkPQ,2022-03-10T09:13:00Z
qk4Q3OC14mE,42,UCtN2FQJxCKz93FFJRWgtvVA,2022-03-07T09:42:00Z
_Y54OQ81rdk,42,UCUGOjZb-zvNXCIlSRuEiyAg,2022-01-31T09:18:01Z
aJf3hD4b1Qo,42,UCW-q0I0BtS6p3itZyyce8Lg,2022-05-17T09:11:00Z
baLmWDVkTkc,42,UCtN2FQJxCKz93FFJRWgtvVA,2022-02-03T09:24:00Z
rZwvovZBIU8,42,UCtN2FQJxCKz93FFJRWgtvVA,2022-03-15T09:30:09Z
eT28x0QgAJ4,42,UC59hqxDhdaxaRlqRt4sFYcQ,2022-03-22T09:28:00Z
EAw_30cRyDc,42,UCtN2FQJxCKz93FFJRWgtvVA,2022-02-12T09:48:01Z
GStTCQGirQk,42,UCtN2FQJxCKz93FFJRWgtvVA,2022-02-08T09:44:00Z
6iXQFZQ7TrI,42,UC6m4Hc1G4oyYzbjNpwQ0U0g,2022-05-18T09:45:00Z
gZjMy1xoaSo,42,UCW-q0I0BtS6p3itZyyce8Lg,2022-04-14T09:33:00Z
VftYtPWj0Ag,42,UCdR8Y9gAwTdAzMZw2s1uOrA,2022-11-03T09:47:01Z
KjA8TfIwpuE,42,UCShR8EWN8L2t1lUBNNOJtXQ,2022-03-05T09:54:00Z
ghjFJ8wGVqc,42,UCdR8Y9gAwTdAzMZw2s1uOrA,2022-11-24T09:01:00Z
5FQheFAMJxc,42,UCtN2FQJxCKz93FFJRWgtvVA,2022-01-28T09:10:00Z
V0wKPjz7Nhg,42,UCtN2FQJxCKz93FFJRWgtvVA,2022-02-05T09:03:00Z
sH0uROyIv8A,42,UC3CpWIL6HMSs0OJ64ZwOauQ,2022-02-25T09:30:16Z
im5sjt5PsFg,42,UCtN2FQJxCKz93FFJRWgtvVA,2022-02-07T09:13:00Z
Bn-h7wW9Neo,42,UCOMFruVDnIm-wXtvTiK9awQ,2022-03-19T09:56:01Z
xTsXXb8quOA,42,UCnuErtZmUHzhsTyYEPi4UFA,2022-01-15T10:48:00Z
LAqvHx1wVo4,42,UCfjmhBkMohQfyme6QZdQYNQ,2022-02-10T08:39:00Z
mIzX6UvGQm4,42,UCKCLG4wW4nhc81wxtKKWjAA,2022-03-19T09:30:12Z
QskT8qD55nY,42,UC3c_ESTV_IPhjhDODWHJfbQ,2022-05-11T09:29:01Z
OkQA4Zp8vmI,42,UC6m4Hc1G4oyYzbjNpwQ0U0g,2022-05-19T09:33:00Z
ciDfOyeUZk8,42,UCtN2FQJxCKz93FFJRWgtvVA,2022-01-29T09:19:01Z
pFumD17ojik,42,UCtN2FQJxCKz93FFJRWgtvVA,2022-03-04T09:17:00Z
Y7Z9Sr5vJg4,42,UCUGOjZb-zvNXCIlSRuEiyAg,2022-01-31T09:01:00Z
w17I_8HpKU4,42,UClVts6D1HbjnP-K6DcLqtJw,2022-05-23T09:01:01Z
2Uk4WrlpGdY,42,UCUGOjZb-zvNXCIlSRuEiyAg,2022-01-03T08:02:00Z
_5j9dyMubyc,42,UCtN2FQJxCKz93FFJRWgtvVA,2022-03-14T09:43:00Z
YpPl42bhRBU,42,UCUGOjZb-zvNXCIlSRuEiyAg,2022-03-14T09:58:00Z
wrP_YxKP4nc,42,UC5KMz0HsxN-N5wGjTQW9oDg,2022-03-03T09:59:00Z
J09GGjrBW0I,42,UC2TFsnLisEhXjwf7F55sFVw,2022-05-10T09:34:00Z
XXoC2jodlTY,42,UCUGOjZb-zvNXCIlSRuEiyAg,2022-06-17T09:36:00Z
Ahn8I0Iae1w,42,UC4c3R_pvAgysKVgdDtR-Q7w,2022-01-15T09:03:00Z
6OpdlOaEjaM,42,UCUGOjZb-zvNXCIlSRuEiyAg,2022-01-24T09:49:00Z
ku_GvvcvQfs,42,UCtN2FQJxCKz93FFJRWgtvVA,2022-03-14T09:02:01Z
0uA-33-VAX0,42,UC6m4Hc1G4oyYzbjNpwQ0U0g,2022-03-13T09:06:00Z
Af-g4D9JMew,42,UC6m4Hc1G4oyYzbjNpwQ0U0g,2022-05-20T09:53:00Z
ywPwTH7oJxc,42,UCfjmhBkMohQfyme6QZdQYNQ,2022-01-28T09:44:00Z
MfpZjIgOSaw,42,UCKCLG4wW4nhc81wxtKKWjAA,2022-04-18T09:31:01Z
NR9EWqTXvDM,42,UCUGOjZb-zvNXCIlSRuEiyAg,2022-02-18T09:00:38Z
5Kk2qQRJF9E,42,UCZYxE_uJHQf-vjGc0eYIe-g,2022-06-12T09:18:00Z
z-LXHh6cj2Q,44,UC9YHyj7QSkkSg2pjQ7M8Khg,2015-01-23T05:00:09Z
77czxmodtk0,44,UC9YHyj7QSkkSg2pjQ7M8Khg,2015-02-17T22:09:03Z
gYK0QPMRoHE,44,UCfb-_5KcNOZuxekQ7oeeHjA,2014-04-29T00:31:10Z
CQa2u0GJpno,44,UCIHg3K4EaY-ziWc5CyzWAzQ,2016-03-11T05:00:11Z
hr6mCQl2AKw,44,UCIHg3K4EaY-ziWc5CyzWAzQ,2016-06-21T23:01:40Z
wPosLpgMtTY,44,UCqH2YMSzMaGN92Vc3VkhWnQ,2014-03-27T05:07:23Z
dMaq_pfxs-0,44,UCqH2YMSzMaGN92Vc3VkhWnQ,2014-02-01T23:07:44Z
bLvqoHBptjg,44,UC9YHyj7QSkkSg2pjQ7M8Khg,2012-05-22T07:14:02Z
sLtavGjAOJY,44,UC9YHyj7QSkkSg2pjQ7M8Khg,2012-05-14T20:41:33Z
NDb6yoQy2ho,44,UCIHg3K4EaY-ziWc5CyzWAzQ,2017-11-22T05:05:11Z
fnXzKwUgDhg,44,UC9YHyj7QSkkSg2pjQ7M8Khg,2012-05-03T00:22:00Z
aNzJ0XbhfHE,44,UCqH2YMSzMaGN92Vc3VkhWnQ,2014-10-10T22:29:07Z
QsWto8p7t1E,44,UC9YHyj7QSkkSg2pjQ7M8Khg,2013-03-05T18:59:05Z
qfW0wCV9iFI,44,UCSydRCmlHx6na0zWscgAk9w,2011-05-06T20:06:00Z
6i_uRRVx8AM,44,UC9YHyj7QSkkSg2pjQ7M8Khg,2012-05-14T23:13:45Z
_iM_lKBFsJo,44,UC7QRIwDb8shSnZE8XB0lx4A,2010-03-03T20:10:14Z
OYa3K2kKfUM,44,UCqH2YMSzMaGN92Vc3VkhWnQ,2013-04-05T20:38:50Z
qUXVOfdGE4o,44,UCqH2YMSzMaGN92Vc3VkhWnQ,2014-06-06T18:21:23Z
vIpqpRuGrq4,44,UC9YHyj7QSkkSg2pjQ7M8Khg,2012-05-09T22:36:51Z
iGAHnZ555nI,44,UC9YHyj7QSkkSg2pjQ7M8Khg,2012-05-03T01:07:35Z
yDNa6t-TDrQ,44,UC9YHyj7QSkkSg2pjQ7M8Khg,2013-11-13T00:23:15Z
yhBExhldRXQ,44,UC9YHyj7QSkkSg2pjQ7M8Khg,2012-05-16T16:48:32Z
xo0lJVFE57I,44,UCXriVnwusXbXT2Yz2vKb-Ow,2017-01-03T15:50:39Z
3jBFwltrxJw,44,UCqH2YMSzMaGN92Vc3VkhWnQ,2014-03-05T06:37:36Z
YtQq0T3ExLs,44,UC9YHyj7QSkkSg2pjQ7M8Khg,2012-05-16T20:45:34Z
4KZM3PRV0NM,44,UC9YHyj7QSkkSg2pjQ7M8Khg,2012-05-10T23:02:53Z
ECOqpv45tIo,44,UCxI47yIql2wR2xGBXx-aDJw,2012-05-30T14:47:53Z
GZjC9dAvWuU,44,UC9YHyj7QSkkSg2pjQ7M8Khg,2013-04-30T21:41:32Z
Xu42-p6_5RE,44,UCY26xU0-avwTJ6F6TzUZVEw,2010-09-10T16:27:04Z
qHhHIbNuok8,44,UCSydRCmlHx6na0zWscgAk9w,2011-09-15T21:48:56Z
HYUd7AOw_lk,44,UCqH2YMSzMaGN92Vc3VkhWnQ,2013-12-24T07:18:31Z
orPZ0BMUI7k,44,UCSydRCmlHx6na0zWscgAk9w,2011-08-25T19:44:59Z
o_iwKCjNPmU,44,UCqH2YMSzMaGN92Vc3VkhWnQ,2014-03-31T08:59:27Z
ruTdCaAWTNA,44,UC9YHyj7QSkkSg2pjQ7M8Khg,2012-06-01T21:40:11Z
IDbsJeOgItw,44,UCqH2YMSzMaGN92Vc3VkhWnQ,2013-06-29T05:57:34Z
PFWAOnvMd1Q,44,UCSydRCmlHx6na0zWscgAk9w,2012-04-11T22:04:55Z
8bNCMcQ_moo,44,UCSydRCmlHx6na0zWscgAk9w,2011-04-01T20:25:43Z
-TzdTbULW2I,44,UCqH2YMSzMaGN92Vc3VkhWnQ,2014-10-29T19:21:15Z
CutKiSmYBIg,44,UC9YHyj7QSkkSg2pjQ7M8Khg,2012-05-15T16:47:30Z
626pWrVEAN8,44,UCSydRCmlHx6na0zWscgAk9w,2011-06-16T17:31:48Z
Z2wbsY3Ktfg,44,UCqH2YMSzMaGN92Vc3VkhWnQ,2014-03-26T21:51:36Z
2T2pyqrr8UM,44,UCqH2YMSzMaGN92Vc3VkhWnQ,2014-01-21T17:46:02Z
bUYlUk1j68A,44,UCSydRCmlHx6na0zWscgAk9w,2011-04-06T18:09:31Z
6f9Pxo9b-Uw,44,UCqH2YMSzMaGN92Vc3VkhWnQ,2013-10-08T17:50:12Z
kmJLuwP3MbY,44,UCSydRCmlHx6na0zWscgAk9w,2011-04-01T22:34:24Z
O0Vvy5RI8WU,44,UCkML5g9N_azgHB7KQJ5fWLw,2015-07-28T04:00:12Z
82fVA65rbts,44,UCkML5g9N_azgHB7KQJ5fWLw,2015-11-30T11:00:07Z
n_aXrHNqQro,44,UC9YHyj7QSkkSg2pjQ7M8Khg,2015-01-20T22:24:59Z
aIBsnOyJB7Y,44,UCSydRCmlHx6na0zWscgAk9w,2011-04-24T20:31:48Z
VvA4Tbjk8tk,44,UC9YHyj7QSkkSg2pjQ7M8Khg,2012-05-11T21:34:24Z
